"comp","dale","year","hexp","hc3","small","country","groupti","oecd","gini","geff","voice","tropics","popden","pubthe","gdpc"
76.4675,63.4349,1997,344.017,8.4766,0,1,1,0,0.381411,0.120032,0.582008,1,81.075,76.7,4648.89
90.9845,72.4934,1997,1213.6,7.32606,0,2,1,0,0.285139,0.510308,0.615803,0,136.315,86.7,16181.3
52.1296,37.6295,1997,28.2885,1.35877,0,3,1,0,0.334725,-1.233,-1.616,0,38.8894,40.6,884.016
52.2827,37.9282,1997,47.1741,2.2486,0,4,1,0,0.444238,-1.39,-1.003,1,936.081,59.6,1310.39
76.7083,60.1735,1997,63.5321,4.88903,0,5,1,0,0.441193,-0.653,-0.008,0,115.956,77.7,1815.2
81.618,65.0447,1993,811.29,4.6968,0,6,5,0,0.3679,0.138,-0.545,0,24.1536,32,19484.5
81.8454,65.2805,1994,809.039,4.77231,0,6,5,0,0.3679,0.138,-0.545,0,24.1536,32,19484.5
82.0729,65.5162,1995,819.578,4.83275,0,6,5,0,0.3679,0.138,-0.545,0,24.1536,32,19484.5
82.3004,65.7519,1996,840.019,4.89879,0,6,5,0,0.3679,0.138,-0.545,0,24.1536,32,19484.5
82.528,65.9875,1997,818.348,4.97681,0,6,5,0,0.3679,0.138,-0.545,0,24.1536,32,19484.5
80.7623,65.9324,1993,750.993,8.44267,0,7,5,0,0.474325,0.262,0.482,0,1282.28,57.5,10009.4
80.9625,66.1552,1994,781.429,8.54983,0,7,5,0,0.474325,0.262,0.482,0,1282.28,57.5,10009.4
81.1626,66.3781,1995,722.018,8.65848,0,7,5,0,0.474325,0.262,0.482,0,1282.28,57.5,10009.4
81.3626,66.6009,1996,793.498,8.71552,0,7,5,0,0.474325,0.262,0.482,0,1282.28,57.5,10009.4
81.5624,66.8238,1997,820.766,8.77134,0,7,5,0,0.474325,0.262,0.482,0,1282.28,57.5,10009.4
75.5772,65.3393,1993,88.6651,7.86115,0,8,5,0,0.285139,-0.655,0.019,0,124.177,41.5,1935.35
75.6581,65.4513,1994,31.7157,7.9387,0,8,5,0,0.285139,-0.655,0.019,0,124.177,41.5,1935.35
75.836,65.6987,1995,139.654,8.01488,0,8,5,0,0.285139,-0.655,0.019,0,124.177,41.5,1935.35
76.1854,66.1887,1996,148.316,8.08965,0,8,5,0,0.285139,-0.655,0.019,0,124.177,41.5,1935.35
76.6843,66.8975,1997,152.893,8.16303,0,8,5,0,0.285139,-0.655,0.019,0,124.177,41.5,1935.35
77.8544,59.1857,1997,596.454,7.19482,0,9,1,0,0.474325,0.396842,0.635653,1,143.361,57.3,9319.59
90.5285,71.2022,1993,1500.58,10.421,0,10,5,1,0.341,1.459,1.628,0,224.562,72,20632.3
90.7669,71.4207,1994,1537.45,10.4307,0,10,5,1,0.341,1.459,1.628,0,224.562,72,20632.3
91.0056,71.6393,1995,1578.38,10.44,0,10,5,1,0.341,1.459,1.628,0,224.562,72,20632.3
91.2022,71.8192,1996,1604.51,10.4491,0,10,5,1,0.341,1.459,1.628,0,224.562,72,20632.3
91.3298,71.9358,1997,1609.32,10.458,0,10,5,1,0.341,1.459,1.628,0,224.562,72,20632.3
86.7275,71.0629,1996,1665.66,10.6321,3,NA,1,1,0.341,1.459,1.628,0,224.562,72,20632.3
87.0507,71.4056,1996,1599.14,11.4915,3,NA,1,1,0.341,1.459,1.628,0,224.562,72,20632.3
86.6171,70.9458,1996,1453.57,9.52591,3,NA,1,1,0.341,1.459,1.628,0,224.562,72,20632.3
86.8834,71.2282,1996,1652.57,10.1726,3,NA,1,1,0.341,1.459,1.628,0,224.562,72,20632.3
86.9895,71.3406,1996,1462.03,8.93879,3,NA,1,1,0.341,1.459,1.628,0,224.562,72,20632.3
85.8761,70.1601,1996,1803.03,10.4024,3,NA,1,1,0.341,1.459,1.628,0,224.562,72,20632.3
80.9406,64.9264,1996,1603.68,8.48355,3,NA,1,1,0.341,1.459,1.628,0,224.562,72,20632.3
87.546,71.9308,1996,1580.16,13.8188,3,NA,1,1,0.341,1.459,1.628,0,224.562,72,20632.3
90.2781,70.7282,1993,1765.07,7.52588,0,11,5,1,0.2235,1.219,1.447,0,96.2575,67.3,21900.7
90.5518,70.977,1994,1801.2,7.6009,0,11,5,1,0.2235,1.219,1.447,0,96.2575,67.3,21900.7
90.8148,71.2159,1995,1833.78,7.67491,0,11,5,1,0.2235,1.219,1.447,0,96.2575,67.3,21900.7
91.1079,71.4817,1996,1882.41,7.7479,0,11,5,1,0.2235,1.219,1.447,0,96.2575,67.3,21900.7
91.4703,71.81,1997,1971.07,7.81984,0,11,5,1,0.2235,1.219,1.447,0,96.2575,67.3,21900.7
73.9991,63.8314,1997,46.8772,6.80623,0,12,1,0,0.285139,-0.833,-0.919,0,90.3573,79.3,1616.46
90.8626,72.4563,1997,1303.36,7.09071,0,13,1,0,0.285139,0.581301,0.602149,0,34.437,73.5,17378.1
59.878,35.3757,1993,27.3746,1.9573,0,14,5,0,0.3223,-1.135,-1.288,1,254.075,35.6,648.122
59.7445,35.186,1994,31.5801,2.00615,0,14,5,0,0.3223,-1.135,-1.288,1,254.075,35.6,648.122
59.6111,34.9963,1995,28.0407,2.05688,0,14,5,0,0.3223,-1.135,-1.288,1,254.075,35.6,648.122
59.4778,34.8066,1996,27.7011,2.11009,0,14,5,0,0.3223,-1.135,-1.288,1,254.075,35.6,648.122
59.3446,34.6168,1997,25.9249,2.16853,0,14,5,0,0.3223,-1.135,-1.288,1,254.075,35.6,648.122
90.769,71.3373,1993,1716.28,9.03719,0,15,5,1,0.2416,0.883,1.436,0,333.02,83.2,21832.2
90.9095,71.4656,1994,1731.86,9.08561,0,15,5,1,0.2416,0.883,1.436,0,333.02,83.2,21832.2
91.0502,71.594,1995,1722.16,9.13289,0,15,5,1,0.2416,0.883,1.436,0,333.02,83.2,21832.2
91.191,71.7223,1996,1743.31,9.17905,0,15,5,1,0.2416,0.883,1.436,0,333.02,83.2,21832.2
91.3511,71.8683,1997,1746.58,9.22409,0,15,5,1,0.2416,0.883,1.436,0,333.02,83.2,21832.2
63.4697,41.2313,1993,23.5714,1.48734,0,16,5,0,0.444238,-0.066,0.695,1,49.8517,47.2,1283.93
63.6487,41.4698,1994,38.2631,1.5547,0,16,5,0,0.444238,-0.066,0.695,1,49.8517,47.2,1283.93
63.8278,41.7081,1995,37.713,1.6035,0,16,5,0,0.444238,-0.066,0.695,1,49.8517,47.2,1283.93
64.0072,41.9464,1996,40.0273,1.65641,0,16,5,0,0.444238,-0.066,0.695,1,49.8517,47.2,1283.93
64.1867,42.1845,1997,38.5179,1.70824,0,16,5,0,0.444238,-0.066,0.695,1,49.8517,47.2,1283.93
59.8035,36.1821,1993,33.2966,1.53771,0,17,5,0,0.4621,-0.059,-0.213,1,38.2616,30.9,885.904
59.69,36.0265,1994,35.4345,1.61664,0,17,5,0,0.4621,-0.059,-0.213,1,38.2616,30.9,885.904
59.5766,35.8708,1995,35.1019,1.69518,0,17,5,0,0.4621,-0.059,-0.213,1,38.2616,30.9,885.904
59.4633,35.7152,1996,34.6338,1.78097,0,17,5,0,0.4621,-0.059,-0.213,1,38.2616,30.9,885.904
59.35,35.5595,1997,37.208,1.86859,0,17,5,0,0.4621,-0.059,-0.213,1,38.2616,30.9,885.904
65.9739,47.7847,1993,52.1163,2.27388,0,18,5,0,0.3233,-0.565,-0.015,0,880.326,46,1419.61
66.4285,48.2914,1994,54.5582,2.30785,0,18,5,0,0.3233,-0.565,-0.015,0,880.326,46,1419.61
66.8842,48.7983,1995,55.3673,2.34235,0,18,5,0,0.3233,-0.565,-0.015,0,880.326,46,1419.61
67.341,49.3053,1996,59.935,2.4027,0,18,5,0,0.3233,-0.565,-0.015,0,880.326,46,1419.61
67.799,49.8126,1997,69.5611,2.46411,0,18,5,0,0.3233,-0.565,-0.015,0,880.326,46,1419.61
77.9895,64.9964,1993,241.652,9.312,0,19,5,0,0.2743,-0.814,0.603,0,74.9293,81.9,3994.83
77.8874,64.8733,1994,219.661,9.35383,0,19,5,0,0.2743,-0.814,0.603,0,74.9293,81.9,3994.83
77.8018,64.7703,1995,226.888,9.3946,0,19,5,0,0.2743,-0.814,0.603,0,74.9293,81.9,3994.83
77.7189,64.6707,1996,175.105,9.43432,0,19,5,0,0.2743,-0.814,0.603,0,74.9293,81.9,3994.83
77.6378,64.5734,1997,191.752,9.47302,0,19,5,0,0.2743,-0.814,0.603,0,74.9293,81.9,3994.83
79.6306,64.0193,1993,573.898,4.8932,0,20,5,0,0.3679,0.235,-1.037,0,1217.36,58.5,12306.5
79.8199,64.2235,1994,566.782,4.96641,0,20,5,0,0.3679,0.235,-1.037,0,1217.36,58.5,12306.5
80.0091,64.4278,1995,534.414,5.04073,0,20,5,0,0.3679,0.235,-1.037,0,1217.36,58.5,12306.5
80.1983,64.6321,1996,531.015,5.13228,0,20,5,0,0.3679,0.235,-1.037,0,1217.36,58.5,12306.5
80.3875,64.8365,1997,541.486,5.22398,0,20,5,0,0.3679,0.235,-1.037,0,1217.36,58.5,12306.5
77.6513,58.1844,1993,1014.73,8.37812,0,21,5,0,0.474325,0.474,1.134,0,22.4571,49.9,20742.8
77.8913,58.4312,1994,1041.78,8.36825,0,21,5,0,0.474325,0.474,1.134,0,22.4571,49.9,20742.8
78.1315,58.6768,1995,1037.14,8.36623,0,21,5,0,0.474325,0.474,1.134,0,22.4571,49.9,20742.8
78.3718,58.9213,1996,1140.86,8.4,0,21,5,0,0.474325,0.474,1.134,0,22.4571,49.9,20742.8
78.6121,59.1648,1997,1223.83,8.4202,0,21,5,0,0.474325,0.474,1.134,0,22.4571,49.9,20742.8
77.2623,64.8888,1997,144.87,7.90514,0,22,1,0,0.319462,-1.108,-0.971,0,68.455,92.6,1906.18
81.9857,62.9906,1993,321.977,8.95491,0,23,5,0,0.2099,-0.659,-0.521,0,50.192,82.6,4272.95
81.5585,62.5776,1994,225.132,9.00927,0,23,5,0,0.2099,-0.659,-0.521,0,50.192,82.6,4272.95
81.1899,62.2196,1995,186.072,9.06227,0,23,5,0,0.2099,-0.659,-0.521,0,50.192,82.6,4272.95
80.923,61.9592,1996,220.768,8.89534,0,23,5,0,0.2099,-0.659,-0.521,0,50.192,82.6,4272.95
80.8062,61.8451,1997,252.104,8.85618,0,23,5,0,0.2099,-0.659,-0.521,0,50.192,82.6,4272.95
73.8255,60.9636,1997,212.297,3.89661,0,24,1,0,0.474325,0.554,1.231,1,10.5058,51.6,4516.95
68.991,51.4592,1993,135.198,5.20391,0,25,5,0,0.4062,-0.223,0.391,1,597.783,59.1,2660.18
69.4218,51.9268,1994,143.233,5.30612,0,25,5,0,0.4062,-0.223,0.391,1,597.783,59.1,2660.18
69.8533,52.3943,1995,138.725,5.41053,0,25,5,0,0.4062,-0.223,0.391,1,597.783,59.1,2660.18
70.2857,52.8618,1996,177.648,5.49972,0,25,5,0,0.4062,-0.223,0.391,1,597.783,59.1,2660.18
70.7188,53.3291,1997,154.29,5.58887,0,25,5,0,0.4062,-0.223,0.391,1,597.783,59.1,2660.18
68.2283,58.3428,1993,408.614,3.91088,0,26,5,0,0.5727,-0.22,0.552,1,1922.86,48.7,6565.34
68.4235,58.5661,1994,395.721,3.9451,0,26,5,0,0.5727,-0.22,0.552,1,1922.86,48.7,6565.34
68.6164,58.7893,1995,444.905,3.97963,0,26,5,0,0.5727,-0.22,0.552,1,1922.86,48.7,6565.34
68.8071,59.0123,1996,431.968,4.06543,0,26,5,0,0.5727,-0.22,0.552,1,1922.86,48.7,6565.34
68.9956,59.2351,1997,426.747,4.15196,0,26,5,0,0.5727,-0.22,0.552,1,1922.86,48.7,6565.34
84.1798,64.5836,1993,627.361,8.1435,0,27,5,0,0.474325,0.411,1.49,1,602.114,62.5,11180.9
84.3505,64.7424,1994,644.981,8.21061,0,27,5,0,0.474325,0.411,1.49,1,602.114,62.5,11180.9
84.5214,64.901,1995,639.652,8.27651,0,27,5,0,0.474325,0.411,1.49,1,602.114,62.5,11180.9
84.6924,65.0595,1996,710.486,8.34119,0,27,5,0,0.474325,0.411,1.49,1,602.114,62.5,11180.9
84.8635,65.2178,1997,816.205,8.40465,0,27,5,0,0.474325,0.411,1.49,1,602.114,62.5,11180.9
85.1338,64.8881,1997,850.868,8.04659,0,28,1,0,0.29035,0.009,-0.919,1,53.3581,40.6,15756.8
63.0888,51.7902,1997,82.0506,2.09785,0,29,1,0,0.343567,-0.572874,-1.254,0,17.4725,46.2,1172.15
60.5761,36.7021,1993,182.518,4.00584,0,30,5,0,0.441193,0.221,0.779,1,2.64303,61,5157.36
59.7844,35.5947,1994,198.192,4.09157,0,30,5,0,0.441193,0.221,0.779,1,2.64303,61,5157.36
58.9965,34.488,1995,208.049,4.17927,0,30,5,0,0.441193,0.221,0.779,1,2.64303,61,5157.36
58.2122,33.382,1996,207.399,4.26638,0,30,5,0,0.441193,0.221,0.779,1,2.64303,61,5157.36
57.4309,32.2766,1997,216.609,4.35412,0,30,5,0,0.441193,0.221,0.779,1,2.64303,61,5157.36
47.8201,37.5947,1993,22.0836,2.03993,0,31,5,0,0.5894,-0.747,-0.046,1,5.49989,68.9,1154.47
47.3486,37.2068,1994,28.3151,2.11199,0,31,5,0,0.5894,-0.747,-0.046,1,5.49989,68.9,1154.47
46.8766,36.8189,1995,32.1153,2.18696,0,31,5,0,0.5894,-0.747,-0.046,1,5.49989,68.9,1154.47
46.4042,36.4311,1996,31.3456,2.24399,0,31,5,0,0.5894,-0.747,-0.046,1,5.49989,68.9,1154.47
45.9312,36.0434,1997,33.4796,2.30206,0,31,5,0,0.5894,-0.747,-0.046,1,5.49989,68.9,1154.47
90.7396,71.409,1993,1937.07,10.3945,0,32,5,1,0.306,1.717,1.362,0,312.772,72,21487.9
90.9815,71.6306,1994,1825.78,10.4053,0,32,5,1,0.306,1.717,1.362,0,312.772,72,21487.9
91.2237,71.8523,1995,1863.03,10.4157,0,32,5,1,0.306,1.717,1.362,0,312.772,72,21487.9
91.4661,72.074,1996,1842.85,10.4258,0,32,5,1,0.306,1.717,1.362,0,312.772,72,21487.9
91.7087,72.2958,1997,1847.96,10.4355,0,32,5,1,0.306,1.717,1.362,0,312.772,72,21487.9
86.6808,71.0133,1996,1654.89,8.8218,4,NA,1,1,0.306,1.717,1.362,0,312.772,72,21487.9
88.0493,72.4644,1996,1991.42,11.0674,4,NA,1,1,0.306,1.717,1.362,0,312.772,72,21487.9
85.8988,70.1841,1996,2384.89,11.5485,4,NA,1,1,0.306,1.717,1.362,0,312.772,72,21487.9
82.7708,66.8672,1996,4061.68,9.30299,4,NA,1,1,0.306,1.717,1.362,0,312.772,72,21487.9
86.3875,70.7023,1996,1800.89,9.30299,4,NA,1,1,0.306,1.717,1.362,0,312.772,72,21487.9
86.8763,71.2206,1996,1660,9.78418,4,NA,1,1,0.306,1.717,1.362,0,312.772,72,21487.9
87.2673,71.6352,1996,1730.81,9.62379,4,NA,1,1,0.306,1.717,1.362,0,312.772,72,21487.9
87.2673,71.6352,1996,1685.55,10.2654,4,NA,1,1,0.306,1.717,1.362,0,312.772,72,21487.9
87.756,72.1535,1996,1915.5,10.7466,4,NA,1,1,0.306,1.717,1.362,0,312.772,72,21487.9
87.1695,71.5316,1996,1882.65,9.46339,4,NA,1,1,0.306,1.717,1.362,0,312.772,72,21487.9
87.4628,71.8425,1996,1808.19,9.1426,4,NA,1,1,0.306,1.717,1.362,0,312.772,72,21487.9
87.6582,72.0498,1996,1737.38,10.5862,4,NA,1,1,0.306,1.717,1.362,0,312.772,72,21487.9
74.0978,61.717,1997,91.7485,8.4766,0,33,1,0,0.381411,-0.530549,0.0594243,1,99.078,87.6,1609.62
91.1123,71.6804,1993,2499.48,9.25409,0,34,5,1,0.3188,1.986,1.694,0,172.233,69.3,26202.4
91.3339,71.8826,1994,2544.55,9.29669,0,34,5,1,0.3188,1.986,1.694,0,172.233,69.3,26202.4
91.5858,72.1124,1995,2593.49,9.33826,0,34,5,1,0.3188,1.986,1.694,0,172.233,69.3,26202.4
91.9172,72.4143,1996,2632.14,9.37881,0,34,5,1,0.3188,1.986,1.694,0,172.233,69.3,26202.4
92.2489,72.7162,1997,2646.44,9.41836,0,34,5,1,0.3188,1.986,1.694,0,172.233,69.3,26202.4
84.8101,67.9784,1993,415.416,6.94536,0,35,5,0,0.5369,1.166,0.615,0,19.7176,49,9566.77
85.0355,68.2076,1994,432.207,7.02444,0,35,5,0,0.5369,1.166,0.615,0,19.7176,49,9566.77
85.2609,68.4367,1995,470.956,7.1047,0,35,5,0,0.5369,1.166,0.615,0,19.7176,49,9566.77
85.4865,68.6658,1996,543.712,7.18663,0,35,5,0,0.5369,1.166,0.615,0,19.7176,49,9566.77
85.7121,68.8949,1997,583.573,7.26763,0,35,5,0,0.5369,1.166,0.615,0,19.7176,49,9566.77
67.0228,62.0513,1993,48.6213,6.21514,0,36,5,0,0.3889,0.016,-1.296,0,13329.5,24.9,2771.56
67.0947,62.169,1994,52.0268,6.30076,0,36,5,0,0.3889,0.016,-1.296,0,13329.5,24.9,2771.56
67.1658,62.2868,1995,59.2744,6.33017,0,36,5,0,0.3889,0.016,-1.296,0,13329.5,24.9,2771.56
67.2363,62.4047,1996,66.868,6.39752,0,36,5,0,0.3889,0.016,-1.296,0,13329.5,24.9,2771.56
67.3061,62.5226,1997,74.832,6.53047,0,36,5,0,0.3889,0.016,-1.296,0,13329.5,24.9,2771.56
61.7093,44.6235,1993,61.7477,2.1537,0,37,5,0,0.3536,-0.18,-0.569,1,44.4099,38.4,1802.62
61.3259,44.2184,1994,54.6799,2.22833,0,37,5,0,0.3536,-0.18,-0.569,1,44.4099,38.4,1802.62
60.9432,43.8141,1995,55.1264,2.29548,0,37,5,0,0.3536,-0.18,-0.569,1,44.4099,38.4,1802.62
60.5611,43.4106,1996,55.6914,2.37097,0,37,5,0,0.3536,-0.18,-0.569,1,44.4099,38.4,1802.62
60.1797,43.0076,1997,57.6838,2.45179,0,37,5,0,0.3536,-0.18,-0.569,1,44.4099,38.4,1802.62
57.8629,41.0076,1993,49.0408,3.31515,0,38,5,0,0.444238,-0.645,-0.703,1,301.281,20.1,1744.23
58.1668,41.323,1994,48.1714,3.40512,0,38,5,0,0.444238,-0.645,-0.703,1,301.281,20.1,1744.23
58.4706,41.6384,1995,63.4646,3.49766,0,38,5,0,0.444238,-0.645,-0.703,1,301.281,20.1,1744.23
58.7744,41.9537,1996,61.4258,3.57658,0,38,5,0,0.444238,-0.645,-0.703,1,301.281,20.1,1744.23
59.0781,42.2691,1997,87.2114,3.65638,0,38,5,0,0.444238,-0.645,-0.703,1,301.281,20.1,1744.23
60.7049,45.8365,1993,118.731,5.13598,0,39,5,0,0.441193,-0.58,-0.773,1,7.84825,36.6,2017.2
60.5276,45.6651,1994,96.9723,5.21111,0,39,5,0,0.441193,-0.58,-0.773,1,7.84825,36.6,2017.2
60.3501,45.4936,1995,108.263,5.30544,0,39,5,0,0.441193,-0.58,-0.773,1,7.84825,36.6,2017.2
60.1725,45.322,1996,101.427,5.40354,0,39,5,0,0.441193,-0.58,-0.773,1,7.84825,36.6,2017.2
59.9947,45.1504,1997,100.86,5.47743,0,39,5,0,0.441193,-0.58,-0.773,1,7.84825,36.6,2017.2
82.8987,62.2141,1993,235.668,4.95061,0,40,5,0,0.5425,-0.057,-0.12,1,3511.53,54.5,5470.45
83.1185,62.4175,1994,307.097,5.03544,0,40,5,0,0.5425,-0.057,-0.12,1,3511.53,54.5,5470.45
83.3391,62.6208,1995,367.406,5.1218,0,40,5,0,0.5425,-0.057,-0.12,1,3511.53,54.5,5470.45
83.5605,62.8241,1996,443.636,5.21308,0,40,5,0,0.5425,-0.057,-0.12,1,3511.53,54.5,5470.45
83.7827,63.0273,1997,508.752,5.30447,0,40,5,0,0.5425,-0.057,-0.12,1,3511.53,54.5,5470.45
64.4831,44.4476,1993,59.1334,2.80403,0,41,5,0,0.444238,-0.743666,0.061,1,255.036,68.2,1054.65
64.967,45.032,1994,54.5502,2.83625,0,41,5,0,0.444238,-0.743666,0.061,1,255.036,68.2,1054.65
65.4513,45.6148,1995,51.1968,2.85993,0,41,5,0,0.444238,-0.743666,0.061,1,255.036,68.2,1054.65
65.9359,46.1958,1996,48.6622,2.8703,0,41,5,0,0.444238,-0.743666,0.061,1,255.036,68.2,1054.65
66.4208,46.7749,1997,47.4593,2.91161,0,41,5,0,0.444238,-0.743666,0.061,1,255.036,68.2,1054.65
66.6509,56.0801,1993,35.0219,2.97337,0,42,5,0,0.444238,0.088,0.986,1,96.098,63.8,2179.43
67.0702,56.5151,1994,68.9065,3.10345,0,42,5,0,0.444238,0.088,0.986,1,96.098,63.8,2179.43
67.4794,56.9472,1995,64.0406,3.21253,0,42,5,0,0.444238,0.088,0.986,1,96.098,63.8,2179.43
67.8787,57.3767,1996,62.9872,3.34248,0,42,5,0,0.444238,0.088,0.986,1,96.098,63.8,2179.43
68.2683,57.8034,1997,61.0241,3.48272,0,42,5,0,0.444238,0.088,0.986,1,96.098,63.8,2179.43
82.1781,66.2833,1993,526.256,5.72827,0,43,5,0,0.453,0.554,1.345,1,67.2598,77.1,5616.29
82.3267,66.4411,1994,465.293,5.78927,0,43,5,0,0.453,0.554,1.345,1,67.2598,77.1,5616.29
82.4751,66.5987,1995,449.776,5.85108,0,43,5,0,0.453,0.554,1.345,1,67.2598,77.1,5616.29
82.6234,66.7563,1996,479.49,5.94215,0,43,5,0,0.453,0.554,1.345,1,67.2598,77.1,5616.29
82.7716,66.9138,1997,488.617,6.03292,0,43,5,0,0.453,0.554,1.345,1,67.2598,77.1,5616.29
84.2496,67.3084,1997,109.283,7.9089,0,44,1,0,0.3492,-0.497,-1.461,0,102.65,87.5,1734.65
87.7316,69.2026,1993,553.915,7.66755,0,45,5,0,0.3679,1.041,1.115,0,80.816,35,12487.2
87.9435,69.4033,1994,597.115,7.74132,0,45,5,0,0.3679,1.041,1.115,0,80.816,35,12487.2
88.1557,69.6041,1995,630.046,7.81402,0,45,5,0,0.3679,1.041,1.115,0,80.816,35,12487.2
88.3681,69.8049,1996,725.25,7.88562,0,45,5,0,0.3679,1.041,1.115,0,80.816,35,12487.2
88.5807,70.0057,1997,736.745,7.95611,0,45,5,0,0.3679,1.041,1.115,0,80.816,35,12487.2
86.0621,66.7558,1993,638.489,10.1698,0,46,5,1,0.2432,0.595,1.201,0,136.17,92.3,8423.63
86.4615,67.1256,1994,639.846,10.187,0,46,5,1,0.2432,0.595,1.201,0,136.17,92.3,8423.63
86.8711,67.5038,1995,672.687,10.2038,0,46,5,1,0.2432,0.595,1.201,0,136.17,92.3,8423.63
87.2642,67.8659,1996,641.357,10.2201,0,46,5,1,0.2432,0.595,1.201,0,136.17,92.3,8423.63
87.6368,68.2082,1997,640.196,10.2358,0,46,5,1,0.2432,0.595,1.201,0,136.17,92.3,8423.63
90.1346,69.6279,1993,2065.95,9.11769,0,47,5,1,0.2899,1.409,1.49,0,230.711,77.5,22468.9
90.3495,69.8168,1994,2130.14,9.16373,0,47,5,1,0.2899,1.409,1.49,0,230.711,77.5,22468.9
90.6638,70.0927,1995,2269.66,9.20869,0,47,5,1,0.2899,1.409,1.49,0,230.711,77.5,22468.9
90.9788,70.3687,1996,2325.7,9.25258,0,47,5,1,0.2899,1.409,1.49,0,230.711,77.5,22468.9
91.2841,70.6358,1997,2359.23,9.29542,0,47,5,1,0.2899,1.409,1.49,0,230.711,77.5,22468.9
56.8433,37.8719,1997,47.9199,1.66179,0,48,1,0,0.334725,-0.235,-0.602,1,29.7888,72.9,1711.43
83.352,64.2094,1997,286.774,6.45623,0,49,1,0,0.474325,-0.833,-0.078,1,100.847,65,4779.57
90.4938,69.2491,1993,1792.47,10.7145,0,50,5,1,0.2393,1.721,1.633,0,123.323,84.3,24272
90.6108,69.3494,1994,1784.23,10.719,0,50,5,1,0.2393,1.721,1.633,0,123.323,84.3,24272
90.6852,69.413,1995,1786.64,10.7233,0,50,5,1,0.2393,1.721,1.633,0,123.323,84.3,24272
90.7596,69.4767,1996,1860.5,10.7276,0,50,5,1,0.2393,1.721,1.633,0,123.323,84.3,24272
90.8645,69.5666,1997,1941.76,10.7316,0,50,5,1,0.2393,1.721,1.633,0,123.323,84.3,24272
77.1554,61.5188,1993,179.263,4.65502,0,51,5,0,0.4672,-0.833,-0.078,1,168.313,38.5,4153.33
77.403,61.7858,1994,180.076,4.7279,0,51,5,0,0.4672,-0.833,-0.078,1,168.313,38.5,4153.33
77.6499,62.0523,1995,174.357,4.80229,0,51,5,0,0.4672,-0.833,-0.078,1,168.313,38.5,4153.33
77.8962,62.3184,1996,187.637,4.89311,0,51,5,0,0.4672,-0.833,-0.078,1,168.313,38.5,4153.33
78.1418,62.5839,1997,203.513,4.98422,0,51,5,0,0.4672,-0.833,-0.078,1,168.313,38.5,4153.33
72.6947,59.8053,1993,125.639,4.5613,0,52,4,0,0.3416,-1.087,-1.31,0,1262.72,50.8,4007.69
73.0765,60.2418,1994,117.519,4.74685,0,52,4,0,0.3416,-1.087,-1.31,0,1262.72,50.8,4007.69
73.4554,60.6791,1995,123.369,4.94053,0,52,4,0,0.3416,-1.087,-1.31,0,1262.72,50.8,4007.69
74.2044,61.5566,1997,124.238,5.1089,0,52,4,0,0.3416,-1.087,-1.31,0,1262.72,50.8,4007.69
72.894,59.7565,1993,185.367,6.19734,0,53,5,0,0.4209,-0.562,0.268,1,46.4688,52.8,4084.99
73.1662,60.0653,1994,189.238,6.29634,0,53,5,0,0.4209,-0.562,0.268,1,46.4688,52.8,4084.99
73.4367,60.374,1995,185.598,6.39699,0,53,5,0,0.4209,-0.562,0.268,1,46.4688,52.8,4084.99
73.7054,60.6828,1996,177.405,6.48538,0,53,5,0,0.4209,-0.562,0.268,1,46.4688,52.8,4084.99
73.9724,60.9915,1997,187.909,6.57316,0,53,5,0,0.4209,-0.562,0.268,1,46.4688,52.8,4084.99
71.6491,56.4763,1993,96.0184,3.27986,0,54,5,0,0.2784,-0.138,-0.674,0,61.7084,27,3156.84
72.1184,56.9734,1994,100.731,3.32946,0,54,5,0,0.2784,-0.138,-0.674,0,61.7084,27,3156.84
72.5877,57.473,1995,103.407,3.38577,0,54,5,0,0.2784,-0.138,-0.674,0,61.7084,27,3156.84
73.0571,57.9748,1996,109.653,3.44706,0,54,5,0,0.2784,-0.138,-0.674,0,61.7084,27,3156.84
73.5264,58.4791,1997,116.803,3.50853,0,54,5,0,0.2784,-0.138,-0.674,0,61.7084,27,3156.84
53.6919,37.5995,1997,24.323,1.27105,0,55,1,0,0.441193,-0.428,-0.595,1,31.3603,55.7,715.382
89.9438,72.0118,1993,1044.42,7.10169,0,56,5,1,0.3144,1.603,1.338,0,77.5446,70.6,15186.4
90.1624,72.2229,1994,1108.1,7.18383,0,56,5,1,0.3144,1.603,1.338,0,77.5446,70.6,15186.4
90.3812,72.434,1995,1121.9,7.26504,0,56,5,1,0.3144,1.603,1.338,0,77.5446,70.6,15186.4
90.6391,72.6827,1996,1204.84,7.34527,0,56,5,1,0.3144,1.603,1.338,0,77.5446,70.6,15186.4
90.9558,72.988,1997,1214.91,7.42451,0,56,5,1,0.3144,1.603,1.338,0,77.5446,70.6,15186.4
80.3299,61.8554,1993,276.4,8.62058,0,57,5,0,0.3406,0.258,0.789,0,32.6397,78.9,5428.41
80.2888,61.8147,1994,304.51,8.68288,0,57,5,0,0.3406,0.258,0.789,0,32.6397,78.9,5428.41
80.4051,61.93,1995,332.261,8.74376,0,57,5,0,0.3406,0.258,0.789,0,32.6397,78.9,5428.41
80.8227,62.3428,1996,338.277,8.76904,0,57,5,0,0.3406,0.258,0.789,0,32.6397,78.9,5428.41
81.7467,63.2501,1997,347.418,8.74629,0,57,5,0,0.3406,0.258,0.789,0,32.6397,78.9,5428.41
51.3287,34.4737,1993,16.2299,1.7922,0,58,5,0,0.3812,-0.146,-0.5,1,5307.81,36.2,521.495
51.0943,34.233,1994,17.239,1.85464,0,58,5,0,0.3812,-0.146,-0.5,1,5307.81,36.2,521.495
50.8599,33.9922,1995,17.776,1.91517,0,58,5,0,0.3812,-0.146,-0.5,1,5307.81,36.2,521.495
50.6254,33.7515,1996,18.6678,1.973,0,58,5,0,0.3812,-0.146,-0.5,1,5307.81,36.2,521.495
50.391,33.5108,1997,19.8168,2.02372,0,58,5,0,0.3812,-0.146,-0.5,1,5307.81,36.2,521.495
89.5934,69.6225,1993,1470.53,9.691,0,59,5,1,0.2488,1.635,1.602,0,15.6058,73.7,20322.6
89.8981,69.8955,1994,1423.68,9.72284,0,59,5,1,0.2488,1.635,1.602,0,15.6058,73.7,20322.6
90.262,70.221,1995,1452.95,9.7538,0,59,5,1,0.2488,1.635,1.602,0,15.6058,73.7,20322.6
90.5642,70.491,1996,1514.84,9.78389,0,59,5,1,0.2488,1.635,1.602,0,15.6058,73.7,20322.6
90.7783,70.6819,1997,1544.52,9.81313,0,59,5,1,0.2488,1.635,1.602,0,15.6058,73.7,20322.6
76.6836,58.6646,1993,196.176,8.17975,0,60,5,0,0.381411,0.635,0.013,1,42.0721,69.2,5095.35
76.8803,58.8687,1994,200.493,8.29454,0,60,5,0,0.381411,0.635,0.013,1,42.0721,69.2,5095.35
77.0777,59.0731,1995,195.586,8.41096,0,60,5,0,0.381411,0.635,0.013,1,42.0721,69.2,5095.35
77.2757,59.2776,1996,205.242,8.47234,0,60,5,0,0.381411,0.635,0.013,1,42.0721,69.2,5095.35
77.4744,59.4824,1997,214.005,8.53254,0,60,5,0,0.381411,0.635,0.013,1,42.0721,69.2,5095.35
91.0539,72.5189,1993,1935.46,6.99921,0,61,5,1,0.3164,1.28,1.15,0,104.225,76.9,21617.5
91.2896,72.7412,1994,1960.58,7.08229,0,61,5,1,0.3164,1.28,1.15,0,104.225,76.9,21617.5
91.5186,72.9571,1995,2036.06,7.16448,0,61,5,1,0.3164,1.28,1.15,0,104.225,76.9,21617.5
91.7411,73.1667,1996,2058.39,7.24575,0,61,5,1,0.3164,1.28,1.15,0,104.225,76.9,21617.5
91.925,73.3399,1997,2118.51,7.32606,0,61,5,1,0.3164,1.28,1.15,0,104.225,76.9,21617.5
72.4423,59.6518,1997,234.044,7.0232,0,62,1,0,0.381411,-0.110853,0.403525,1,158.098,92.3,3162.75
64.3422,47.7713,1997,197.187,3.5191,0,63,1,0,0.444238,-1.127,-0.314,1,4.43666,66.5,6572.9
90.6273,71,1993,1141.92,8.92111,0,64,5,1,0.348,1.966,1.489,0,258.235,96.9,20590.7
90.8881,71.2363,1994,1187,8.97242,0,64,5,1,0.348,1.966,1.489,0,258.235,96.9,20590.7
91.1282,71.4537,1995,1215.31,9.02256,0,64,5,1,0.348,1.966,1.489,0,258.235,96.9,20590.7
91.3686,71.6713,1996,1179.34,9.07153,0,64,5,1,0.348,1.966,1.489,0,258.235,96.9,20590.7
91.6101,71.8895,1997,1194.26,9.11935,0,64,5,1,0.348,1.966,1.489,0,258.235,96.9,20590.7
86.7642,71.1018,1996,1155.99,8.38207,6,NA,1,1,0.348,1.966,1.489,0,258.235,96.9,20590.7
85.8549,70.1375,1996,1166.05,7.86881,6,NA,1,1,0.348,1.966,1.489,0,258.235,96.9,20590.7
84.3922,68.5866,1996,1313.04,9.25258,6,NA,1,1,0.348,1.966,1.489,0,258.235,96.9,20590.7
84.5087,68.71,1996,1282.91,8.45082,6,NA,1,1,0.348,1.966,1.489,0,258.235,96.9,20590.7
86.2157,70.5201,1996,1318.72,8.88522,6,NA,1,1,0.348,1.966,1.489,0,258.235,96.9,20590.7
86.809,71.1493,1996,1217.02,8.31486,6,NA,1,1,0.348,1.966,1.489,0,258.235,96.9,20590.7
85.3821,69.6362,1996,1227.26,9.65037,6,NA,1,1,0.348,1.966,1.489,0,258.235,96.9,20590.7
85.299,69.5481,1996,1281.82,9.12403,6,NA,1,0,0.348,1.966,1.489,0,258.235,96.9,20590.7
77.4428,66.4176,1993,155.751,10.3252,0,65,5,0,0.319462,-0.512,-0.291,0,77.3663,8.6,2144.91
77.4376,66.4106,1994,73.4297,10.3392,0,65,5,0,0.319462,-0.512,-0.291,0,77.3663,8.6,2144.91
77.4323,66.4036,1995,80.6116,10.3527,0,65,5,0,0.319462,-0.512,-0.291,0,77.3663,8.6,2144.91
77.4271,66.3966,1996,90.9402,10.3901,0,65,5,0,0.319462,-0.512,-0.291,0,77.3663,8.6,2144.91
77.4218,66.3896,1997,94.3762,10.426,0,65,5,0,0.319462,-0.512,-0.291,0,77.3663,8.6,2144.91
64.5322,43.798,1993,56.7365,3.92063,0,66,5,0,0.3169,-0.287,-0.435,1,79.1566,47,1461.8
64.8566,44.2029,1994,57.0853,4.01556,0,66,5,0,0.3169,-0.287,-0.435,1,79.1566,47,1461.8
65.1816,44.6075,1995,57.8991,4.11295,0,66,5,0,0.3169,-0.287,-0.435,1,79.1566,47,1461.8
65.5072,45.0117,1996,60.5023,4.18782,0,66,5,0,0.3169,-0.287,-0.435,1,79.1566,47,1461.8
65.8334,45.4156,1997,45.3157,4.26308,0,66,5,0,0.3169,-0.287,-0.435,1,79.1566,47,1461.8
56.0366,37.8093,1997,51.9261,2.53452,0,67,1,0,0.3876,-0.029,-0.873,1,282.259,57.2,1483.6
57.1759,45.7584,1993,71.3156,2.00549,0,68,5,0,0.4556,0.164,-0.971,1,111.071,45.9,1160.58
57.9291,46.4021,1994,58.4949,2.06039,0,68,5,0,0.4556,0.164,-0.971,1,111.071,45.9,1160.58
58.6759,47.0448,1995,59.5421,2.13123,0,68,5,0,0.4556,0.164,-0.971,1,111.071,45.9,1160.58
59.416,47.6865,1996,58.9765,2.20379,0,68,5,0,0.4556,0.164,-0.971,1,111.071,45.9,1160.58
60.1488,48.327,1997,52.2259,2.27903,0,68,5,0,0.4556,0.164,-0.971,1,111.071,45.9,1160.58
51.5089,36.2399,1993,33.9465,1.62572,0,69,5,0,0.5368,-0.334,-0.454,1,34.3516,75.6,947.427
51.7435,36.468,1994,35.1469,1.71549,0,69,5,0,0.5368,-0.334,-0.454,1,34.3516,75.6,947.427
51.9781,36.6962,1995,59.0815,1.72011,0,69,5,0,0.5368,-0.334,-0.454,1,34.3516,75.6,947.427
52.2125,36.9243,1996,62.1809,1.71307,0,69,5,0,0.5368,-0.334,-0.454,1,34.3516,75.6,947.427
52.447,37.1525,1997,54.0033,1.69066,0,69,5,0,0.5368,-0.334,-0.454,1,34.3516,75.6,947.427
58.379,42.2388,1993,54.5856,4.23485,0,70,5,0,0.444238,-1.204,-1.389,1,15.4514,57.2,2540.02
58.8348,42.6994,1994,35.8804,4.34954,0,70,5,0,0.444238,-1.204,-1.389,1,15.4514,57.2,2540.02
59.2899,43.1596,1995,39.9714,4.4363,0,70,5,0,0.444238,-1.204,-1.389,1,15.4514,57.2,2540.02
59.7444,43.6196,1996,69.574,4.53345,0,70,5,0,0.444238,-1.204,-1.389,1,15.4514,57.2,2540.02
60.1983,44.0792,1997,88.9006,4.63273,0,70,5,0,0.444238,-1.204,-1.389,1,15.4514,57.2,2540.02
90.0381,72.2634,1993,699.165,8.2212,0,71,5,1,0.3168,0.56,1.075,0,80.1256,65.8,12081.3
90.1769,72.3981,1994,767.627,8.28297,0,71,5,1,0.3168,0.56,1.075,0,80.1256,65.8,12081.3
90.2867,72.5048,1995,815.388,8.34374,0,71,5,1,0.3168,0.56,1.075,0,80.1256,65.8,12081.3
90.3966,72.6114,1996,940.982,8.40349,0,71,5,1,0.3168,0.56,1.075,0,80.1256,65.8,12081.3
90.52,72.7312,1997,966.507,8.46223,0,71,5,1,0.3168,0.56,1.075,0,80.1256,65.8,12081.3
77.8744,66.0712,1997,296.274,7.35773,0,72,1,0,0.474325,0.0606883,0.325519,1,260.289,46.6,4702.76
70.5125,52.6771,1993,109.092,3.22548,0,73,5,0,0.5695,-0.225,-0.565,1,97.5897,62.5,3597.94
70.8837,53.0822,1994,103.623,3.2903,0,73,5,0,0.5695,-0.225,-0.565,1,97.5897,62.5,3597.94
71.2559,53.4872,1995,95.3642,3.3567,0,73,5,0,0.5695,-0.225,-0.565,1,97.5897,62.5,3597.94
71.629,53.8921,1996,77.9349,3.43479,0,73,5,0,0.5695,-0.225,-0.565,1,97.5897,62.5,3597.94
72.0032,54.2969,1997,86.3506,3.51383,0,73,5,0,0.5695,-0.225,-0.565,1,97.5897,62.5,3597.94
70.1279,59.2174,1993,74.4963,5.83941,0,74,5,0,0.3844,0.009,1.01,1,4.03159,79.1,2526.08
70.3535,59.4811,1994,81.911,5.89225,0,74,5,0,0.3844,0.009,1.01,1,4.03159,79.1,2526.08
70.5766,59.7445,1995,85.5924,5.94579,0,74,5,0,0.3844,0.009,1.01,1,4.03159,79.1,2526.08
70.7971,60.0077,1996,121.919,6.03656,0,74,5,0,0.3844,0.009,1.01,1,4.03159,79.1,2526.08
71.0152,60.2705,1997,128.83,6.12696,0,74,5,0,0.3844,0.009,1.01,1,4.03159,79.1,2526.08
66.5234,59.5873,1993,157.347,4.38093,0,75,5,0,0.5154,-0.409,-0.055,1,53.1067,36,2090.62
66.8234,59.9778,1994,138.681,4.4413,0,75,5,0,0.5154,-0.409,-0.055,1,53.1067,36,2090.62
67.1145,60.3678,1995,148.435,4.50256,0,75,5,0,0.5154,-0.409,-0.055,1,53.1067,36,2090.62
67.3972,60.7574,1996,151.664,4.58924,0,75,5,0,0.5154,-0.409,-0.055,1,53.1067,36,2090.62
67.6716,61.1465,1997,156.796,4.67632,0,75,5,0,0.5154,-0.409,-0.055,1,53.1067,36,2090.62
84.4845,66.73,1993,301.736,8.6076,0,76,5,0,0.2599,0.15,-0.323,0,73.833,79.7,5075.51
84.5786,66.8225,1994,310.45,8.51332,0,76,5,0,0.2599,0.15,-0.323,0,73.833,79.7,5075.51
84.6727,66.915,1995,375.456,8.42218,0,76,5,0,0.2599,0.15,-0.323,0,73.833,79.7,5075.51
84.7686,67.0092,1996,404.139,8.34657,0,76,5,0,0.2599,0.15,-0.323,0,73.833,79.7,5075.51
84.8933,67.1317,1997,411.116,8.26118,0,76,5,0,0.2599,0.15,-0.323,0,73.833,79.7,5075.51
62.4847,44.9078,1993,58.5636,3.1753,0,77,5,0,0.4642,-1.232,-0.709,1,275.884,33.6,1186.75
62.5686,44.9984,1994,51.3762,3.25804,0,77,5,0,0.4642,-1.232,-0.709,1,275.884,33.6,1186.75
62.6526,45.0892,1995,59.6242,3.34304,0,77,5,0,0.4642,-1.232,-0.709,1,275.884,33.6,1186.75
62.7366,45.1799,1996,56.3162,3.41734,0,77,5,0,0.4642,-1.232,-0.709,1,275.884,33.6,1186.75
62.8207,45.2707,1997,54.5905,3.49245,0,77,5,0,0.4642,-1.232,-0.709,1,275.884,33.6,1186.75
82.0611,63.0449,1993,344.785,9.09226,0,78,5,1,0.285,0.606,1.198,0,109.055,84.9,7037.54
82.2373,63.2144,1994,381.998,9.13911,0,78,5,1,0.285,0.606,1.198,0,109.055,84.9,7037.54
82.5074,63.4737,1995,382.274,9.18485,0,78,5,1,0.285,0.606,1.198,0,109.055,84.9,7037.54
82.8878,63.8375,1996,375.382,9.2295,0,78,5,1,0.285,0.606,1.198,0,109.055,84.9,7037.54
83.3659,64.2928,1997,372.99,9.27307,0,78,5,1,0.285,0.606,1.198,0,109.055,84.9,7037.54
71.9504,57.653,1993,48.2608,4.98888,0,79,5,0,0.3487,-0.528,-1.165,1,10383.5,36.8,3307.61
72.4358,58.1761,1994,51.0472,5.12625,0,79,5,0,0.3487,-0.528,-1.165,1,10383.5,36.8,3307.61
72.9171,58.699,1995,57.3758,5.26769,0,79,5,0,0.3487,-0.528,-1.165,1,10383.5,36.8,3307.61
73.3944,59.2216,1996,57.6648,5.35747,0,79,5,0,0.3487,-0.528,-1.165,1,10383.5,36.8,3307.61
73.8677,59.7439,1997,56.2293,5.44726,0,79,5,0,0.3487,-0.528,-1.165,1,10383.5,36.8,3307.61
68.4262,51.4157,1993,71.3253,4.50922,0,80,5,0,0.3558,-0.264,0.498,0,29313.1,13,1622.57
68.8511,51.8695,1994,75.6955,4.66422,0,80,5,0,0.3558,-0.264,0.498,0,29313.1,13,1622.57
69.2773,52.3243,1995,77.412,4.82464,0,80,5,0,0.3558,-0.264,0.498,0,29313.1,13,1622.57
69.7046,52.7802,1996,81.5683,4.90667,0,80,5,0,0.3558,-0.264,0.498,0,29313.1,13,1622.57
70.1333,53.2372,1997,84.3738,4.98889,0,80,5,0,0.3558,-0.264,0.498,0,29313.1,13,1622.57
1,69.3445,1993,1014.15,8.22893,0,81,5,1,0.3464,1.361,1.501,0,34.92,77.3,19471.6
90.0043,69.6198,1994,1045.99,8.29449,0,81,5,1,0.3464,1.361,1.501,0,34.92,77.3,19471.6
90.1341,69.7344,1995,1119.61,8.35884,0,81,5,1,0.3464,1.361,1.501,0,34.92,77.3,19471.6
90.264,69.849,1996,1011.02,8.42196,0,81,5,1,0.3464,1.361,1.501,0,34.92,77.3,19471.6
90.2319,69.8207,1997,1207.24,8.48386,0,81,5,1,0.3464,1.361,1.501,0,34.92,77.3,19471.6
70.8166,58.8341,1993,171.393,4.24051,0,82,5,0,0.3679,-0.339,-0.559,0,3761.5,42.8,4552.37
71.2013,59.2712,1994,189.979,4.36074,0,82,5,0,0.3679,-0.339,-0.559,0,3761.5,42.8,4552.37
71.5819,59.7096,1995,184.242,4.48452,0,82,5,0,0.3679,-0.339,-0.559,0,3761.5,42.8,4552.37
71.9585,60.1492,1996,176.39,4.57031,0,82,5,0,0.3679,-0.339,-0.559,0,3761.5,42.8,4552.37
72.3312,60.5901,1997,200.304,4.65651,0,82,5,0,0.3679,-0.339,-0.559,0,3761.5,42.8,4552.37
70.8378,57.7986,1993,127.022,4.38131,0,83,5,0,0.334725,-1.883,-1.753,0,506.022,58.9,2593.69
70.3581,57.2812,1994,115.348,4.50513,0,83,5,0,0.334725,-1.883,-1.753,0,506.022,58.9,2593.69
69.8754,56.767,1995,106.627,4.63245,0,83,5,0,0.334725,-1.883,-1.753,0,506.022,58.9,2593.69
69.3898,56.2558,1996,100.238,4.71857,0,83,5,0,0.334725,-1.883,-1.753,0,506.022,58.9,2593.69
68.9013,55.7477,1997,108.935,4.80502,0,83,5,0,0.334725,-1.883,-1.753,0,506.022,58.9,2593.69
90.6727,70.6584,1993,1652.12,8.33736,0,84,5,1,0.285139,1.504,1.447,0,2.93969,83.8,22336.8
90.7873,70.7609,1994,1657.43,8.40072,0,84,5,1,0.285139,1.504,1.447,0,2.93969,83.8,22336.8
90.9021,70.8634,1995,1682.43,8.46288,0,84,5,1,0.285139,1.504,1.447,0,2.93969,83.8,22336.8
90.9549,70.9107,1996,1736.04,8.52382,0,84,5,1,0.285139,1.504,1.447,0,2.93969,83.8,22336.8
91.0078,70.9579,1997,1764.61,8.58354,0,84,5,1,0.285139,1.504,1.447,0,2.93969,83.8,22336.8
89.6206,69.864,1993,1186.24,9.50162,0,85,5,0,0.3434,0.685,1.083,0,278.597,75,17019.2
89.8401,70.0622,1994,1348.8,9.53849,0,85,5,0,0.3434,0.685,1.083,0,278.597,75,17019.2
90.0598,70.2604,1995,1389.22,9.57439,0,85,5,0,0.3434,0.685,1.083,0,278.597,75,17019.2
90.2797,70.4586,1996,1569.69,9.60932,0,85,5,0,0.3434,0.685,1.083,0,278.597,75,17019.2
90.4999,70.6568,1997,1821.05,9.64332,0,85,5,0,0.3434,0.685,1.083,0,278.597,75,17019.2
90.3646,72.0525,1993,1528.63,6.75479,0,86,5,1,0.26492,0.773,1.287,0,1862.07,57.1,19629.7
90.5967,72.2733,1994,1522.27,6.83997,0,86,5,1,0.26492,0.773,1.287,0,1862.07,57.1,19629.7
90.829,72.4942,1995,1448.86,6.92438,0,86,5,1,0.26492,0.773,1.287,0,1862.07,57.1,19629.7
91.0616,72.7152,1996,1822.26,7.00797,0,86,5,1,0.26492,0.773,1.287,0,1862.07,57.1,19629.7
91.2943,72.9363,1997,1825.56,7.09071,0,86,5,1,0.26492,0.773,1.287,0,1862.07,57.1,19629.7
77.3559,66.6295,1993,183.016,4.83331,0,87,5,0,0.3965,-0.484,0.75,1,231.267,56.5,3522.98
77.4917,66.8142,1994,183.239,4.86529,0,87,5,0,0.3965,-0.484,0.75,1,231.267,56.5,3522.98
77.6271,66.9989,1995,171.045,4.89773,0,87,5,0,0.3965,-0.484,0.75,1,231.267,56.5,3522.98
77.7619,67.1834,1996,196.048,4.94395,0,87,5,0,0.3965,-0.484,0.75,1,231.267,56.5,3522.98
77.8963,67.3679,1997,211.379,5.03521,0,87,5,0,0.3965,-0.484,0.75,1,231.267,56.5,3522.98
75.897,59.1279,1993,125.466,6.1971,0,88,5,0,0.3494,0.63,0.153,0,49.3423,67.2,3431.33
76.1224,59.3653,1994,134.47,6.28533,0,88,5,0,0.3494,0.63,0.153,0,49.3423,67.2,3431.33
76.3482,59.603,1995,137.969,6.37307,0,88,5,0,0.3494,0.63,0.153,0,49.3423,67.2,3431.33
76.5746,59.8411,1996,169.926,6.46029,0,88,5,0,0.3494,0.63,0.153,0,49.3423,67.2,3431.33
76.8015,60.0795,1997,178.429,6.54693,0,88,5,0,0.3494,0.63,0.153,0,49.3423,67.2,3431.33
92.675,74.1003,1993,1539.03,9.12641,0,89,5,1,0.2397,0.839,1.163,0,335.97,80.2,24691.8
92.8763,74.29,1994,1590.49,9.17291,0,89,5,1,0.2397,0.839,1.163,0,335.97,80.2,24691.8
93.0675,74.4699,1995,1677.09,9.21828,0,89,5,1,0.2397,0.839,1.163,0,335.97,80.2,24691.8
93.2585,74.6496,1996,1732.96,9.26254,0,89,5,1,0.2397,0.839,1.163,0,335.97,80.2,24691.8
93.4472,74.8271,1997,1753.12,9.3057,0,89,5,1,0.2397,0.839,1.163,0,335.97,80.2,24691.8
80.8582,58.3751,1993,121.618,6.9066,0,90,5,0,0.3428,-0.824,-0.712,0,579.173,63.6,3277.51
80.1632,57.6738,1994,124.278,6.99777,0,90,5,0,0.3428,-0.824,-0.712,0,579.173,63.6,3277.51
79.6535,57.1464,1995,129.458,7.08791,0,90,5,0,0.3428,-0.824,-0.712,0,579.173,63.6,3277.51
79.3466,56.8231,1996,127.436,7.0477,0,90,5,0,0.3428,-0.824,-0.712,0,579.173,63.6,3277.51
79.044,56.4999,1997,127.823,7.00788,0,90,5,0,0.3428,-0.824,-0.712,0,579.173,63.6,3277.51
66.2557,42.0247,1993,53.721,4.00264,0,91,5,0,0.4274,-0.899,-0.701,1,49.8693,64.1,1255.19
65.802,41.3409,1994,53.6607,4.10369,0,91,5,0,0.4274,-0.899,-0.701,1,49.8693,64.1,1255.19
65.3516,40.6573,1995,55.8669,4.20746,0,91,5,0,0.4274,-0.899,-0.701,1,49.8693,64.1,1255.19
64.9043,39.9737,1996,57.9909,4.29145,0,91,5,0,0.4274,-0.899,-0.701,1,49.8693,64.1,1255.19
64.4599,39.2902,1997,57.7387,4.37599,0,91,5,0,0.4274,-0.899,-0.701,1,49.8693,64.1,1255.19
66.9876,56.3879,1997,66.1262,6.51662,0,92,1,0,0.3905,-0.575,-0.248,0,23.47,69.6,1653.16
58.175,45.7428,1997,73.0978,5.09571,0,93,1,0,0.3843,0.337,-0.909,1,58.1493,9.4,1015.25
69.4615,55.1953,1997,152.617,7.64883,0,94,1,0,0.381411,-0.358067,0.430672,1,79.4361,99.3,1541.59
74.7637,58.1291,1997,486.895,6.42875,0,95,1,0,0.474325,0.311548,0.46884,1,148.328,51.5,8114.91
84.4212,64.1314,1993,620.907,10.4742,0,96,5,1,0.3054,0.409,1.002,0,477.315,37.8,12821.7
84.756,64.4366,1994,635.814,10.5443,0,96,5,1,0.3054,0.409,1.002,0,477.315,37.8,12821.7
85.0923,64.7418,1995,684.349,10.6155,0,96,5,1,0.3054,0.409,1.002,0,477.315,37.8,12821.7
85.43,65.0472,1996,809.814,10.6309,0,96,5,1,0.3054,0.409,1.002,0,477.315,37.8,12821.7
85.769,65.3526,1997,859.054,10.6458,0,96,5,1,0.3054,0.409,1.002,0,477.315,37.8,12821.7
81.5908,62.6263,1993,436.54,6.36034,0,97,5,0,0.3679,-0.063,0,0,106.233,87.4,18524.4
81.7464,62.777,1994,432.932,6.58068,0,97,5,0,0.3679,-0.063,0,0,106.233,87.4,18524.4
81.9022,62.9275,1995,430.748,6.80912,0,97,5,0,0.3679,-0.063,0,0,106.233,87.4,18524.4
82.0579,63.0778,1996,438.251,6.89425,0,97,5,0,0.3679,-0.063,0,0,106.233,87.4,18524.4
82.2138,63.2279,1997,611.304,6.97856,0,97,5,0,0.3679,-0.063,0,0,106.233,87.4,18524.4
59.9972,46.0771,1997,52.396,6.53609,0,98,1,0,0.291,-0.395,-1.05,1,21.1302,62.7,1455.44
74.6896,59.4123,1993,90.5817,6.5036,0,99,5,0,0.3679,0.174,-0.404,0,402.436,29.6,5555.69
74.9494,59.6932,1994,115.979,6.56959,0,99,5,0,0.3679,0.174,-0.404,0,402.436,29.6,5555.69
75.2096,59.975,1995,138.158,6.63232,0,99,5,0,0.3679,0.174,-0.404,0,402.436,29.6,5555.69
75.4699,60.2576,1996,140.578,6.70472,0,99,5,0,0.3679,0.174,-0.404,0,402.436,29.6,5555.69
75.7305,60.541,1997,561.125,6.76984,0,99,5,0,0.3679,0.174,-0.404,0,402.436,29.6,5555.69
50.0999,33.9417,1997,33.291,2.54978,0,100,1,0,0.444238,-0.922,-0.888,1,29.8072,66.7,1109.7
75.391,59.3254,1997,220.463,6.32472,0,101,1,0,0.3679,-1.322,-1.346,0,321.407,54.2,6484.2
76.697,61.9861,1997,216.17,5.35924,0,102,1,0,0.4103,-0.0477035,-0.0266765,1,262.884,65.1,5404.25
76.3818,61.755,1993,69.9888,6.13922,0,103,5,0,0.3324,-0.612,-0.157,1,281.03,45.4,2557.6
76.5997,61.9976,1994,75.2013,6.19512,0,103,5,0,0.3324,-0.612,-0.157,1,281.03,45.4,2557.6
76.8173,62.2405,1995,78.2884,6.25159,0,103,5,0,0.3324,-0.612,-0.157,1,281.03,45.4,2557.6
77.0347,62.4837,1996,80.4185,6.34019,0,103,5,0,0.3324,-0.612,-0.157,1,281.03,45.4,2557.6
77.252,62.7271,1997,76.728,6.42826,0,103,5,0,0.3324,-0.612,-0.157,1,281.03,45.4,2557.6
56.892,37.6869,1993,100.58,3.71287,0,104,5,0,0.5377,-0.462,-0.146,0,66.3527,72.6,1796.06
56.732,37.5056,1994,106.846,3.75653,0,104,5,0,0.5377,-0.462,-0.146,0,66.3527,72.6,1796.06
56.5721,37.3243,1995,104.79,3.80072,0,104,5,0,0.5377,-0.462,-0.146,0,66.3527,72.6,1796.06
56.4122,37.143,1996,113.917,3.88407,0,104,5,0,0.5377,-0.462,-0.146,0,66.3527,72.6,1796.06
56.2523,36.9617,1997,100.58,3.96822,0,104,5,0,0.5377,-0.462,-0.146,0,66.3527,72.6,1796.06
80.0941,63.2154,1993,186.144,8.04131,0,105,5,0,0.3127,0.127,0.767,0,57.5333,75.7,4518.35
79.9876,63.1054,1994,219.122,8.11559,0,105,5,0,0.3127,0.127,0.767,0,57.5333,75.7,4518.35
80.0335,63.1528,1995,212.077,8.18847,0,105,5,0,0.3127,0.127,0.767,0,57.5333,75.7,4518.35
80.3444,63.4736,1996,221.36,8.25992,0,105,5,0,0.3127,0.127,0.767,0,57.5333,75.7,4518.35
81.0436,64.1941,1997,234.954,8.32995,0,105,5,0,0.3127,0.127,0.767,0,57.5333,75.7,4518.35
91.095,70.5732,1993,1612.04,8.64661,0,106,5,1,0.2609,1.674,1.461,0,159.738,91.4,30264.3
91.3328,70.7819,1994,1605.22,8.86138,0,106,5,1,0.2609,1.674,1.461,0,159.738,91.4,30264.3
91.5709,70.9906,1995,1695.12,9.08148,0,106,5,1,0.2609,1.674,1.461,0,159.738,91.4,30264.3
91.8093,71.1994,1996,1747.92,9.30705,0,106,5,1,0.2609,1.674,1.461,0,159.738,91.4,30264.3
91.9982,71.3647,1997,1997.44,9.53823,0,106,5,1,0.2609,1.674,1.461,0,159.738,91.4,30264.3
76.9795,61.3319,1993,164.518,8.76981,0,107,5,0,0.3117,0.068,0.625,0,38.5148,61,4039.25
76.8444,61.1865,1994,207.462,8.82866,0,107,5,0,0.3117,0.068,0.625,0,38.5148,61,4039.25
76.843,61.1849,1995,237.068,8.88611,0,107,5,0,0.3117,0.068,0.625,0,38.5148,61,4039.25
77.0989,61.4607,1996,270.076,8.95467,0,107,5,0,0.3117,0.068,0.625,0,38.5148,61,4039.25
77.8281,62.2477,1997,246.394,8.93687,0,107,5,0,0.3117,0.068,0.625,0,38.5148,61,4039.25
73.9541,57.4125,1993,150.824,2.14811,0,108,5,0,0.3821,0.267,-0.24,0,40.5092,40.7,3006.09
74.3872,57.8714,1994,163.536,2.20941,0,108,5,0,0.3821,0.267,-0.24,0,40.5092,40.7,3006.09
74.8219,58.332,1995,152.943,2.25315,0,108,5,0,0.3821,0.267,-0.24,0,40.5092,40.7,3006.09
75.2584,58.7943,1996,168.586,2.28278,0,108,5,0,0.3821,0.267,-0.24,0,40.5092,40.7,3006.09
75.6965,59.2582,1997,159.322,2.30829,0,108,5,0,0.3821,0.267,-0.24,0,40.5092,40.7,3006.09
91.0215,72.6182,1997,1799.2,8.21049,0,109,1,0,0.285139,0.774383,0.800222,0,7.03637,62.5,22490
76.6836,62.2161,1993,122.164,7.78493,0,110,5,0,0.3322,-0.46,0.161,0,128.404,75.1,1607.09
76.3849,61.8817,1994,131.346,7.8638,0,110,5,0,0.3322,-0.46,0.161,0,128.404,75.1,1607.09
76.1266,61.5934,1995,127.71,7.9413,0,110,5,0,0.3322,-0.46,0.161,0,128.404,75.1,1607.09
75.9706,61.4196,1996,139.519,8.01743,0,110,5,0,0.3322,-0.46,0.161,0,128.404,75.1,1607.09
76.1384,61.6065,1997,133.388,8.09216,0,110,5,0,0.3322,-0.46,0.161,0,128.404,75.1,1607.09
57.8296,36.6094,1997,17.8421,3.37426,0,111,1,0,0.4414,-0.295,0.309,1,23.9037,53.8,849.624
65.0053,50.811,1993,162.625,4.32378,0,112,5,0,0.343567,-0.0612434,-0.909,1,2426.38,63.9,3011.16
65.777,51.5652,1994,187.738,4.45656,0,112,5,0,0.343567,-0.0612434,-0.909,1,2426.38,63.9,3011.16
66.5384,52.316,1995,226.899,4.59129,0,112,5,0,0.343567,-0.0612434,-0.909,1,2426.38,63.9,3011.16
67.289,53.0633,1996,244.276,5.15141,0,112,5,0,0.343567,-0.0612434,-0.909,1,2426.38,63.9,3011.16
68.0282,53.8068,1997,246.915,5.65413,0,112,5,0,0.343567,-0.0612434,-0.909,1,2426.38,63.9,3011.16
80.3652,64.3193,1993,436.611,7.19967,0,113,5,1,0.513,0.179,-0.108,1,4771.6,41,7480.27
80.582,64.5493,1994,447.7,7.36585,0,113,5,1,0.513,0.179,-0.108,1,4771.6,41,7480.27
80.7987,64.7791,1995,399.066,7.5362,0,113,5,1,0.513,0.179,-0.108,1,4771.6,41,7480.27
81.0153,65.0088,1996,384.099,7.6118,0,113,5,1,0.513,0.179,-0.108,1,4771.6,41,7480.27
81.2317,65.2382,1997,418.895,7.68636,0,113,5,1,0.513,0.179,-0.108,1,4771.6,41,7480.27
81.5714,65.5954,1995,385.664,7.96756,2,NA,1,1,0.513,0.179,-0.108,1,4771.6,41,7480.27
80.0735,64.007,1995,249.198,7.93373,2,NA,1,1,0.513,0.179,-0.108,1,4771.6,41,7480.27
80.3085,64.2561,1995,240.578,7.24016,2,NA,1,1,0.513,0.179,-0.108,1,4771.6,41,7480.27
78.521,62.3607,1995,152.151,6.40281,2,NA,1,1,0.513,0.179,-0.108,1,4771.6,41,7480.27
79.4288,63.3234,1995,187.608,6.97796,2,NA,1,1,0.513,0.179,-0.108,1,4771.6,41,7480.27
81.5056,65.5256,1995,351.888,7.82378,2,NA,1,1,0.513,0.179,-0.108,1,4771.6,41,7480.27
81.5548,65.5778,1995,175.057,7.83223,2,NA,1,1,0.513,0.179,-0.108,1,4771.6,41,7480.27
80.01,63.9396,1995,231.094,7.13021,2,NA,1,1,0.513,0.179,-0.108,1,4771.6,41,7480.27
81.073,65.0668,1995,310.409,7.56157,2,NA,1,1,0.513,0.179,-0.108,1,4771.6,41,7480.27
80.4458,64.4018,1995,246.435,7.58695,2,NA,1,1,0.513,0.179,-0.108,1,4771.6,41,7480.27
81.979,66.0276,1995,799.276,8.12827,2,NA,1,1,0.513,0.179,-0.108,1,4771.6,41,7480.27
81.554,65.5769,1995,539.118,8.11135,2,NA,1,1,0.513,0.179,-0.108,1,4771.6,41,7480.27
77.7596,61.5533,1995,140.602,6.43664,2,NA,1,1,0.513,0.179,-0.108,1,4771.6,41,7480.27
79.339,63.2281,1995,229.002,7.04563,2,NA,1,1,0.513,0.179,-0.108,1,4771.6,41,7480.27
80.4887,64.4472,1995,281.162,7.40933,2,NA,1,1,0.513,0.179,-0.108,1,4771.6,41,7480.27
80.8788,64.8609,1995,760.712,7.61232,2,NA,1,1,0.513,0.179,-0.108,1,4771.6,41,7480.27
79.4627,63.3593,1995,248.167,7.32475,2,NA,1,1,0.513,0.179,-0.108,1,4771.6,41,7480.27
80.6313,64.5984,1995,329.541,7.73919,2,NA,1,1,0.513,0.179,-0.108,1,4771.6,41,7480.27
81.2971,65.3045,1995,437.523,8.03523,2,NA,1,1,0.513,0.179,-0.108,1,4771.6,41,7480.27
80.2192,64.1614,1995,215.2,7.52774,2,NA,1,1,0.513,0.179,-0.108,1,4771.6,41,7480.27
80.7672,64.7426,1995,365.642,7.94219,2,NA,1,1,0.513,0.179,-0.108,1,4771.6,41,7480.27
80.6571,64.6258,1995,139.054,7.68844,2,NA,1,1,0.513,0.179,-0.108,1,4771.6,41,7480.27
81.5116,65.5319,1995,426.313,8.03523,2,NA,1,1,0.513,0.179,-0.108,1,4771.6,41,7480.27
79.1984,63.079,1995,201.362,7.05408,2,NA,1,1,0.513,0.179,-0.108,1,4771.6,41,7480.27
79.5721,63.4753,1995,371.757,7.1725,2,NA,1,1,0.513,0.179,-0.108,1,4771.6,41,7480.27
79.6549,63.5631,1995,189.043,7.68844,2,NA,1,1,0.513,0.179,-0.108,1,4771.6,41,7480.27
79.9432,63.8688,1995,257.82,7.274,2,NA,1,1,0.513,0.179,-0.108,1,4771.6,41,7480.27
81.4189,65.4336,1995,442.455,8.04369,2,NA,1,1,0.513,0.179,-0.108,1,4771.6,41,7480.27
81.5756,65.5998,1995,349.113,7.72228,2,NA,1,1,0.513,0.179,-0.108,1,4771.6,41,7480.27
77.6937,61.4834,1995,147.866,6.20827,2,NA,1,1,0.513,0.179,-0.108,1,4771.6,41,7480.27
80.9862,64.9748,1995,441.97,7.99294,2,NA,1,1,0.513,0.179,-0.108,1,4771.6,41,7480.27
82.4301,66.5059,1995,1235.2,8.18747,2,NA,1,1,0.513,0.179,-0.108,1,4771.6,41,7480.27
70.2617,56.794,1997,237.489,7.94439,0,114,1,0,0.381411,-0.100853,0.433946,1,335.21,74.3,2638.77
76.355,63.9348,1997,139.802,7.22923,0,115,1,0,0.319462,-0.576,0.087,0,81.15,84.8,2291.84
52.0764,31.6596,1993,18.634,0.93875,0,116,5,0,0.4836,-0.052,0.415,1,819.941,45.8,802.349
52.3775,32.0087,1994,25.1893,0.957586,0,116,5,0,0.4836,-0.052,0.415,1,819.941,45.8,802.349
52.6786,32.3577,1995,25.3392,0.976901,0,116,5,0,0.4836,-0.052,0.415,1,819.941,45.8,802.349
52.9799,32.7067,1996,26.3111,1.00665,0,116,5,0,0.4836,-0.052,0.415,1,819.941,45.8,802.349
53.2811,33.0557,1997,33.6987,1.03719,0,116,5,0,0.4836,-0.052,0.415,1,819.941,45.8,802.349
86.9662,69.8993,1993,709.671,5.31827,0,117,5,0,0.285139,0.629,1.413,0,1128.16,58.9,12013.2
87.2271,70.1608,1994,716.724,5.45103,0,117,5,0,0.285139,0.629,1.413,0,1128.16,58.9,12013.2
87.4086,70.3427,1995,717.428,5.59526,0,117,5,0,0.285139,0.629,1.413,0,1128.16,58.9,12013.2
87.5901,70.5246,1996,750.865,5.76351,0,117,5,0,0.285139,0.629,1.413,0,1128.16,58.9,12013.2
87.7717,70.7064,1997,756.83,5.92204,0,117,5,0,0.285139,0.629,1.413,0,1128.16,58.9,12013.2
50.7678,49.6739,1993,37.4001,2.6944,0,118,5,0,0.343567,-1.461,-1.748,1,66.5507,12.6,3050.58
51.4951,50.1623,1994,59.0554,2.76319,0,118,5,0,0.343567,-1.461,-1.748,1,66.5507,12.6,3050.58
52.2091,50.6518,1995,63.406,2.83312,0,118,5,0,0.343567,-1.461,-1.748,1,66.5507,12.6,3050.58
52.9091,51.1422,1996,62.4727,2.90418,0,118,5,0,0.343567,-1.461,-1.748,1,66.5507,12.6,3050.58
53.5943,51.6338,1997,79.3151,2.97637,0,118,5,0,0.343567,-1.461,-1.748,1,66.5507,12.6,3050.58
67.0895,53.7391,1997,68.1773,6.24737,0,119,1,0,0.3216,0.018,0.843,0,160.725,82,1585.52
49.5226,33.1626,1993,32.6124,0.975763,0,120,5,0,0.3796,-0.331,-0.172,1,21.3299,71.3,856.003
49.8017,33.4441,1994,41.5377,0.995235,0,120,5,0,0.3796,-0.331,-0.172,1,21.3299,71.3,856.003
50.0808,33.7256,1995,42.2195,1.01517,0,120,5,0,0.3796,-0.331,-0.172,1,21.3299,71.3,856.003
50.3599,34.007,1996,45.6829,1.0463,0,120,5,0,0.3796,-0.331,-0.172,1,21.3299,71.3,856.003
50.6389,34.2885,1997,49.6482,1.07827,0,120,5,0,0.3796,-0.331,-0.172,1,21.3299,71.3,856.003
55.5401,39.7156,1993,66.8754,2.57517,0,121,5,0,0.3758,-0.656,-0.971,1,236.204,30.3,1305.09
55.9637,40.1369,1994,68.0432,2.64359,0,121,5,0,0.3758,-0.656,-0.971,1,236.204,30.3,1305.09
56.3868,40.5579,1995,64.2497,2.70646,0,121,5,0,0.3758,-0.656,-0.971,1,236.204,30.3,1305.09
56.8094,40.9787,1996,74.4639,2.75113,0,121,5,0,0.3758,-0.656,-0.971,1,236.204,30.3,1305.09
57.2315,41.3992,1997,73.0852,2.79338,0,121,5,0,0.3758,-0.656,-0.971,1,236.204,30.3,1305.09
75.3161,57.3678,1993,263.878,5.85007,0,122,5,0,0.444238,0.172,1.012,1,864.458,52.9,8224.58
75.5312,57.5944,1994,270.671,5.94333,0,122,5,0,0.444238,0.172,1.012,1,864.458,52.9,8224.58
75.7456,57.8196,1995,273.531,6.03826,0,122,5,0,0.444238,0.172,1.012,1,864.458,52.9,8224.58
75.9592,58.0435,1996,332.907,6.12651,0,122,5,0,0.444238,0.172,1.012,1,864.458,52.9,8224.58
76.1722,58.2662,1997,287.86,6.21438,0,122,5,0,0.444238,0.172,1.012,1,864.458,52.9,8224.58
53.37,30.3462,1993,44.9867,2.85435,0,123,5,0,0.441193,-0.625,0.062,1,108.793,59.2,850.295
53.1827,30.1079,1994,46.8839,2.89376,0,123,5,0,0.441193,-0.625,0.062,1,108.793,59.2,850.295
52.9954,29.8697,1995,39.188,2.93383,0,123,5,0,0.441193,-0.625,0.062,1,108.793,59.2,850.295
52.8082,29.6314,1996,44.7902,3.00483,0,123,5,0,0.441193,-0.625,0.062,1,108.793,59.2,850.295
52.6211,29.3931,1997,49.3171,3.07684,0,123,5,0,0.441193,-0.625,0.062,1,108.793,59.2,850.295
80.3135,60.7521,1993,169.295,6.23473,0,124,5,0,0.4657,0.714,-0.144,1,66.4015,57.6,8580.12
80.5584,60.9913,1994,166.111,6.30129,0,124,5,0,0.4657,0.714,-0.144,1,66.4015,57.6,8580.12
80.7208,61.1495,1995,177.265,6.3687,0,124,5,0,0.4657,0.714,-0.144,1,66.4015,57.6,8580.12
80.8612,61.2858,1996,195.996,6.45443,0,124,5,0,0.4657,0.714,-0.144,1,66.4015,57.6,8580.12
81.0019,61.4222,1997,205.923,6.53962,0,124,5,0,0.4657,0.714,-0.144,1,66.4015,57.6,8580.12
59.8585,36.4286,1993,364.499,3.9444,0,125,5,0,0.441193,0.044,0.473,1,1.98274,51.7,4135.5
59.7068,36.2219,1994,362.476,4.02849,0,125,5,0,0.441193,0.044,0.473,1,1.98274,51.7,4135.5
59.5552,36.0153,1995,327.768,4.11317,0,125,5,0,0.441193,0.044,0.473,1,1.98274,51.7,4135.5
59.4037,35.8086,1996,308.131,4.19838,0,125,5,0,0.441193,0.044,0.473,1,1.98274,51.7,4135.5
59.2524,35.602,1997,310.163,4.28408,0,125,5,0,0.441193,0.044,0.473,1,1.98274,51.7,4135.5
49.8996,28.3801,1993,26.9549,0.92714,0,126,5,0,0.4881,-1.387,-0.744,1,828.44,46.6,766.525
50.0549,28.5647,1994,31.724,0.964241,0,126,5,0,0.4881,-1.387,-0.744,1,828.44,46.6,766.525
50.2103,28.7492,1995,25.355,1.00299,0,126,5,0,0.4881,-1.387,-0.744,1,828.44,46.6,766.525
50.3656,28.9338,1996,34.575,1.03341,0,126,5,0,0.4881,-1.387,-0.744,1,828.44,46.6,766.525
50.521,29.1183,1997,26.8284,1.06463,0,126,5,0,0.4881,-1.387,-0.744,1,828.44,46.6,766.525
49.3674,36.0301,1993,27.5593,3.54132,0,127,5,0,0.4809,-1.321,-1.234,1,130.545,28.2,1135.3
49.9625,36.5728,1994,24.5863,3.66751,0,127,5,0,0.4809,-1.321,-1.234,1,130.545,28.2,1135.3
50.557,37.1154,1995,25.5678,3.76787,0,127,5,0,0.4809,-1.321,-1.234,1,130.545,28.2,1135.3
51.1507,37.6578,1996,25.9214,3.85188,0,127,5,0,0.4809,-1.321,-1.234,1,130.545,28.2,1135.3
51.7436,38.2002,1997,35.1942,3.92648,0,127,5,0,0.4809,-1.321,-1.234,1,130.545,28.2,1135.3
72.328,56.0307,1993,125.994,3.81023,0,128,5,0,0.4814,-0.547,0.069,1,39.3633,53.3,1872.27
72.8272,56.5596,1994,127.461,3.85478,0,128,5,0,0.4814,-0.547,0.069,1,39.3633,53.3,1872.27
73.3247,57.0872,1995,133.915,3.89992,0,128,5,0,0.4814,-0.547,0.069,1,39.3633,53.3,1872.27
73.8205,57.6133,1996,157.758,3.985,0,128,5,0,0.4814,-0.547,0.069,1,39.3633,53.3,1872.27
74.3146,58.1382,1997,149.782,4.07085,0,128,5,0,0.4814,-0.547,0.069,1,39.3633,53.3,1872.27
91.2974,71.9363,1993,1800.41,8.89724,0,129,5,1,0.3136,2.03,1.607,0,373.753,70.7,21614.3
91.4065,72.0362,1994,1785.98,8.94894,0,129,5,1,0.3136,2.03,1.607,0,373.753,70.7,21614.3
91.5104,72.1312,1995,1817.03,8.99948,0,129,5,1,0.3136,2.03,1.607,0,373.753,70.7,21614.3
91.5925,72.2063,1996,1785.42,9.04885,0,129,5,1,0.3136,2.03,1.607,0,373.753,70.7,21614.3
91.6238,72.2349,1997,1902.06,9.09707,0,129,5,1,0.3136,2.03,1.607,0,373.753,70.7,21614.3
91.1692,70.9535,1993,1761.33,8.19019,0,130,5,1,0.2507,1.666,1.654,0,14.3934,82,26092.3
91.4391,71.1929,1994,1824.19,8.25621,0,130,5,1,0.2507,1.666,1.654,0,14.3934,82,26092.3
91.7063,71.4296,1995,1908.37,8.32102,0,130,5,1,0.2507,1.666,1.654,0,14.3934,82,26092.3
91.9738,71.6664,1996,1952.45,8.38464,0,130,5,1,0.2507,1.666,1.654,0,14.3934,82,26092.3
92.1976,71.8644,1997,1696,8.44704,0,130,5,1,0.2507,1.666,1.654,0,14.3934,82,26092.3
56.7152,47.2618,1993,42.5655,1.94594,0,131,5,0,0.3516,-1.038,0.047,0,149.713,26,1102.67
57.4053,47.8197,1994,43.9063,2.071,0,131,5,0,0.3516,-1.038,0.047,0,149.713,26,1102.67
58.089,48.3778,1995,44.3198,2.20426,0,131,5,0,0.3516,-1.038,0.047,0,149.713,26,1102.67
58.7661,48.9361,1996,36.8821,2.25913,0,131,5,0,0.3516,-1.038,0.047,0,149.713,26,1102.67
59.436,49.4946,1997,40.7988,2.31488,0,131,5,0,0.3516,-1.038,0.047,0,149.713,26,1102.67
77.5444,52.3851,1997,598.12,8.4766,0,132,1,0,0.381411,0.382827,0.705756,1,531.51,99,11962.4
88.798,68.2698,1993,1225.77,11.22,0,133,5,1,0.29035,1.571,1.457,0,13.9073,71.7,17038.7
89.1157,68.5495,1994,1276.52,11.22,0,133,5,1,0.29035,1.571,1.457,0,13.9073,71.7,17038.7
89.434,68.8293,1995,1324.2,11.22,0,133,5,1,0.29035,1.571,1.457,0,13.9073,71.7,17038.7
89.7531,69.1091,1996,1315.62,11.22,0,133,5,1,0.29035,1.571,1.457,0,13.9073,71.7,17038.7
90.1127,69.4237,1997,1397.17,11.22,0,133,5,1,0.29035,1.571,1.457,0,13.9073,71.7,17038.7
78.0643,62.3824,1993,329.002,2.2463,0,134,5,0,0.3679,0.9,-0.57,1,7.17575,54.5,8521.58
78.5936,62.9528,1994,406.884,2.33217,0,134,5,0,0.3679,0.9,-0.57,1,7.17575,54.5,8521.58
79.1224,63.5235,1995,398.954,2.42059,0,134,5,0,0.3679,0.9,-0.57,1,7.17575,54.5,8521.58
79.6509,64.0945,1996,375.839,2.74557,0,134,5,0,0.3679,0.9,-0.57,1,7.17575,54.5,8521.58
80.1791,64.6659,1997,332.341,3.02789,0,134,5,0,0.3679,0.9,-0.57,1,7.17575,54.5,8521.58
66.0088,54.2406,1993,70.1349,4.33068,0,135,5,0,0.2986,-0.744,-0.441,0,1621.02,22.9,1768.27
66.4106,54.6356,1994,72.8041,4.41359,0,135,5,0,0.2986,-0.744,-0.441,0,1621.02,22.9,1768.27
66.8076,55.0306,1995,72.893,4.49695,0,135,5,0,0.2986,-0.744,-0.441,0,1621.02,22.9,1768.27
67.2,55.4257,1996,70.8833,4.58072,0,135,5,0,0.2986,-0.744,-0.441,0,1621.02,22.9,1768.27
67.5875,55.8208,1997,70.7307,4.66487,0,135,5,0,0.2986,-0.744,-0.441,0,1621.02,22.9,1768.27
77.0703,65.0843,1993,389.987,8.16238,0,136,5,0,0.4686,-0.277,0.665,1,36.7878,74,6004.4
77.2546,65.3176,1994,382.356,8.24672,0,136,5,0,0.4686,-0.277,0.665,1,36.7878,74,6004.4
77.4382,65.5509,1995,434.496,8.33202,0,136,5,0,0.4686,-0.277,0.665,1,36.7878,74,6004.4
77.621,65.7841,1996,455.895,8.39565,0,136,5,0,0.4686,-0.277,0.665,1,36.7878,74,6004.4
77.8032,66.0172,1997,450.33,8.45807,0,136,5,0,0.4686,-0.277,0.665,1,36.7878,74,6004.4
70.0695,57.7262,1993,200.885,6.5577,0,137,5,0,0.443,0.173,-0.687,1,1879.32,39.7,4400.54
70.4333,58.1245,1994,196.027,6.67698,0,137,5,0,0.443,0.173,-0.687,1,1879.32,39.7,4400.54
70.7928,58.5226,1995,207.302,6.79889,0,137,5,0,0.443,0.173,-0.687,1,1879.32,39.7,4400.54
71.1479,58.9206,1996,238.069,6.88289,0,137,5,0,0.443,0.173,-0.687,1,1879.32,39.7,4400.54
71.4989,59.3184,1997,246.43,6.96611,0,137,5,0,0.443,0.173,-0.687,1,1879.32,39.7,4400.54
79.1925,57.1999,1993,78.1132,7.18167,0,138,5,0,0.4429,0.126,0.614,1,251.318,48.5,2892.57
79.6004,57.6228,1994,82.3447,7.26803,0,138,5,0,0.4429,0.126,0.614,1,251.318,48.5,2892.57
80.0148,58.0457,1995,89.6958,7.35564,0,138,5,0,0.4429,0.126,0.614,1,251.318,48.5,2892.57
80.4359,58.4687,1996,95.6168,7.4347,0,138,5,0,0.4429,0.126,0.614,1,251.318,48.5,2892.57
80.8634,58.8918,1997,98.3472,7.51272,0,138,5,0,0.4429,0.126,0.614,1,251.318,48.5,2892.57
78.8384,58.9601,1997,558.13,7.6969,0,139,1,0,0.381411,0.366285,0.714273,1,38.896,90,9302.16
61.9547,47.0424,1997,75.8578,2.69867,0,140,1,0,0.4868,-0.694,0.121,1,9.90966,77.6,2447.03
84.8633,65.2847,1993,299.124,9.58471,0,141,5,1,0.317,0.674,1.07,0,123.735,71.6,6334.3
85.0668,65.473,1994,308.764,9.61935,0,141,5,1,0.317,0.674,1.07,0,123.735,71.6,6334.3
85.314,65.7012,1995,330.145,9.65306,0,141,5,1,0.317,0.674,1.07,0,123.735,71.6,6334.3
85.6202,65.9834,1996,373.614,9.68586,0,141,5,1,0.317,0.674,1.07,0,123.735,71.6,6334.3
85.9859,66.3193,1997,392.727,9.71776,0,141,5,1,0.317,0.674,1.07,0,123.735,71.6,6334.3
62.1667,52.1638,1997,39.4453,5.14423,0,142,1,0,0.343567,-0.301,-1.789,0,189.91,83.7,1314.84
86.933,68.8122,1993,776.572,6.05968,0,143,5,1,0.3441,1.151,1.479,0,97.8856,57.5,12954.1
87.0517,68.9266,1994,792.364,6.15771,0,143,5,1,0.3441,1.151,1.479,0,97.8856,57.5,12954.1
87.2991,69.1647,1995,812.852,6.25519,0,143,5,1,0.3441,1.151,1.479,0,97.8856,57.5,12954.1
87.5553,69.4111,1996,1026.15,6.35208,0,143,5,1,0.3441,1.151,1.479,0,97.8856,57.5,12954.1
87.7216,69.571,1997,1062.23,6.4483,0,143,5,1,0.3441,1.151,1.479,0,97.8856,57.5,12954.1
77.1324,62.0901,1993,154.7,5.15176,0,144,5,0,0.5637,-1.1,-0.419,0,12.7244,35.6,3648.17
77.3407,62.3192,1994,169.933,5.19505,0,144,5,0,0.5637,-1.1,-0.419,0,12.7244,35.6,3648.17
77.5485,62.5482,1995,177.379,5.23886,0,144,5,0,0.5637,-1.1,-0.419,0,12.7244,35.6,3648.17
77.7558,62.7769,1996,197.001,5.33036,0,144,5,0,0.5637,-1.1,-0.419,0,12.7244,35.6,3648.17
77.9627,63.0053,1997,204.297,5.4219,0,144,5,0,0.5637,-1.1,-0.419,0,12.7244,35.6,3648.17
81.0559,63.416,1993,1037.21,6.04803,0,145,5,0,0.3679,0.48,-0.775,0,65.1993,57.5,17140.4
81.3555,63.7166,1994,879.629,6.20861,0,145,5,0,0.3679,0.48,-0.775,0,65.1993,57.5,17140.4
81.6553,64.017,1995,854.078,6.34065,0,145,5,0,0.3679,0.48,-0.775,0,65.1993,57.5,17140.4
81.9554,64.3172,1996,949.096,6.41993,0,145,5,0,0.3679,0.48,-0.775,0,65.1993,57.5,17140.4
82.2558,64.6171,1997,1114.13,6.46804,0,145,5,0,0.3679,0.48,-0.775,0,65.1993,57.5,17140.4
78.2175,62.7994,1993,114.24,9.55979,0,146,5,0,0.2728,-0.57,0.406,0,94.7648,60.3,3559.23
78.1747,62.7529,1994,95.0918,9.59453,0,146,5,0,0.2728,-0.57,0.406,0,94.7648,60.3,3559.23
78.1067,62.6789,1995,102.086,9.62838,0,146,5,0,0.2728,-0.57,0.406,0,94.7648,60.3,3559.23
78.0023,62.5656,1996,140.629,9.66134,0,146,5,0,0.2728,-0.57,0.406,0,94.7648,60.3,3559.23
77.8611,62.4122,1997,135.251,9.69343,0,146,5,0,0.2728,-0.57,0.406,0,94.7648,60.3,3559.23
74.0184,60.9716,1993,212.845,9.37919,0,147,5,0,0.4641,-0.595,-0.311,0,8756.29,76.8,4680.82
73.5756,60.4617,1994,458.687,9.42239,0,147,5,0,0.4641,-0.595,-0.311,0,8756.29,76.8,4680.82
73.3303,60.1816,1995,250.514,9.46439,0,147,5,0,0.4641,-0.595,-0.311,0,8756.29,76.8,4680.82
73.5621,60.4463,1996,254.574,9.43007,0,147,5,0,0.4641,-0.595,-0.311,0,8756.29,76.8,4680.82
74.386,61.3989,1997,252.764,9.40349,0,147,5,0,0.4641,-0.595,-0.311,0,8756.29,76.8,4680.82
56.3897,32.8146,1993,37.9683,3.0885,0,148,5,0,0.2784,-1.204,-1.175,1,344.017,50.1,825.306
56.4184,32.8527,1994,28.5393,3.20411,0,148,5,0,0.2784,-1.204,-1.175,1,344.017,50.1,825.306
56.4471,32.8908,1995,34.0043,3.32233,0,148,5,0,0.2784,-1.204,-1.175,1,344.017,50.1,825.306
56.4759,32.9289,1996,36.2792,3.43228,0,148,5,0,0.2784,-1.204,-1.175,1,344.017,50.1,825.306
56.5046,32.967,1997,35.4881,3.54614,0,148,5,0,0.2784,-1.204,-1.175,1,344.017,50.1,825.306
78.8873,63.3314,1993,371.02,3.40883,0,149,5,0,0.3679,-0.349,-1.103,0,1036.88,89.6,9608.97
79.1632,63.6298,1994,353.768,3.52163,0,149,5,0,0.3679,-0.349,-1.103,0,1036.88,89.6,9608.97
79.439,63.9284,1995,334.006,3.63117,0,149,5,0,0.3679,-0.349,-1.103,0,1036.88,89.6,9608.97
79.7147,64.2272,1996,331.36,3.73854,0,149,5,0,0.3679,-0.349,-1.103,0,1036.88,89.6,9608.97
79.9903,64.5261,1997,336.314,3.84841,0,149,5,0,0.3679,-0.349,-1.103,0,1036.88,89.6,9608.97
60.1438,40.1834,1993,33.0978,1.66092,0,150,5,0,0.334725,-1.697,-1.498,1,1107.26,20.9,1260.87
60.6945,40.8352,1994,33.7393,1.72624,0,150,5,0,0.334725,-1.697,-1.498,1,1107.26,20.9,1260.87
61.2449,41.4855,1995,41.4364,1.79424,0,150,5,0,0.334725,-1.697,-1.498,1,1107.26,20.9,1260.87
61.7949,42.1341,1996,42.2489,1.84387,0,150,5,0,0.334725,-1.697,-1.498,1,1107.26,20.9,1260.87
62.3445,42.7808,1997,44.1305,1.89455,0,150,5,0,0.334725,-1.697,-1.498,1,1107.26,20.9,1260.87
69.4753,42.7414,1993,64.6475,2.38348,0,151,5,0,0.3956,0.047,-0.292,1,446.62,55.7,1582.49
69.7376,43.2066,1994,63.3564,2.42326,0,151,5,0,0.3956,0.047,-0.292,1,446.62,55.7,1582.49
70.0021,43.671,1995,67.6703,2.46406,0,151,5,0,0.3956,0.047,-0.292,1,446.62,55.7,1582.49
70.269,44.1346,1996,69.5345,2.50341,0,151,5,0,0.3956,0.047,-0.292,1,446.62,55.7,1582.49
70.5385,44.5974,1997,71.2122,2.56695,0,151,5,0,0.3956,0.047,-0.292,1,446.62,55.7,1582.49
88.0345,68.7122,1993,652.087,6.15577,0,152,5,0,0.29035,2.082,0.04,1,6034.42,35.8,25322.5
88.3597,69.0111,1994,664.113,6.24524,0,152,5,0,0.29035,2.082,0.04,1,6034.42,35.8,25322.5
88.6898,69.3142,1995,753.741,6.33423,0,152,5,0,0.29035,2.082,0.04,1,6034.42,35.8,25322.5
88.8158,69.4297,1996,790.385,6.4227,0,152,5,0,0.29035,2.082,0.04,1,6034.42,35.8,25322.5
88.942,69.5453,1997,784.999,6.51059,0,152,5,0,0.29035,2.082,0.04,1,6034.42,35.8,25322.5
73.5024,63.3673,1997,81.0208,4.92782,0,153,1,0,0.381411,-0.52053,1.173,1,14.5312,99.3,2531.9
35.6906,25.9209,1997,31.4441,2.57326,0,154,1,0,0.6091,0.009,-1.623,1,66.3046,9.7,641.716
67.8602,59.2285,1993,154.326,3.59236,0,155,5,0,0.5001,-0.262,-0.1,1,290.139,37.2,3246.09
68.3147,59.7887,1994,166.354,3.63086,0,155,5,0,0.5001,-0.262,-0.1,1,290.139,37.2,3246.09
68.7537,60.3477,1995,217.87,3.66991,0,155,5,0,0.5001,-0.262,-0.1,1,290.139,37.2,3246.09
69.178,60.9056,1996,242.473,3.75251,0,155,5,0,0.5001,-0.262,-0.1,1,290.139,37.2,3246.09
69.5882,61.4624,1997,227.227,3.83598,0,155,5,0,0.5001,-0.262,-0.1,1,290.139,37.2,3246.09
49.3618,36.3138,1997,11.0619,1.0606,0,156,1,0,0.334725,-1.697,-1.694,1,13.709,71.4,737.459
65.9085,53.4804,1997,45.0142,4.00973,0,157,1,0,0.444238,-1.09487,0.821,0,2323.66,75,1125.36
73.8421,62.6836,1997,258.025,6.38411,0,158,1,0,0.474325,-0.146,0.283,1,2.82933,34,3395.07
83.7767,65.8483,1993,269.04,10.1698,0,159,5,1,0.1873,-0.032,0.738,0,111.218,81.8,7057.61
84.0414,66.1078,1994,292.813,10.187,0,159,5,1,0.1873,-0.032,0.738,0,111.218,81.8,7057.61
84.3168,66.3773,1995,426.969,10.2038,0,159,5,1,0.1873,-0.032,0.738,0,111.218,81.8,7057.61
84.5422,66.5976,1996,527.467,10.2201,0,159,5,1,0.1873,-0.032,0.738,0,111.218,81.8,7057.61
84.677,66.7293,1997,606.955,10.2358,0,159,5,1,0.1873,-0.032,0.738,0,111.218,81.8,7057.61
86.4761,67.2742,1993,835.566,8.87108,0,160,5,0,0.2604,0.567,1.066,0,95.519,80.8,11083.8
86.6637,67.4484,1994,878.285,8.9275,0,160,5,0,0.2604,0.567,1.066,0,95.519,80.8,11083.8
86.9545,67.7179,1995,1014,8.98254,0,160,5,0,0.2604,0.567,1.066,0,95.519,80.8,11083.8
87.3607,68.0935,1996,986.827,9.0393,0,160,5,0,0.2604,0.567,1.066,0,95.519,80.8,11083.8
87.9242,68.6133,1997,1041.88,9.08776,0,160,5,0,0.2604,0.567,1.066,0,95.519,80.8,11083.8
90.9692,72.2593,1993,1837.52,9.59424,0,161,5,1,0.2429,1.573,1.628,0,19.9515,78,21093.6
91.2263,72.5003,1994,1845.81,9.62872,0,161,5,1,0.2429,1.573,1.628,0,19.9515,78,21093.6
91.4837,72.7413,1995,1846.06,9.66227,0,161,5,1,0.2429,1.573,1.628,0,19.9515,78,21093.6
91.7709,73.0101,1996,1908.42,9.6949,0,161,5,1,0.2429,1.573,1.628,0,19.9515,78,21093.6
92.0108,73.2344,1997,1940.61,9.72662,0,161,5,1,0.2429,1.573,1.628,0,19.9515,78,21093.6
87.4279,71.8056,1997,2006.39,10.4457,5,NA,1,1,0.2429,1.573,1.628,0,19.9515,78,21093.6
87.5684,71.9546,1997,1780.24,9.66227,5,NA,1,1,0.2429,1.573,1.628,0,19.9515,78,21093.6
88.4601,72.9001,1997,1913.86,9.27055,5,NA,1,1,0.2429,1.573,1.628,0,19.9515,78,21093.6
87.7041,72.0985,1997,1867.19,9.79284,5,NA,1,1,0.2429,1.573,1.628,0,19.9515,78,21093.6
87.7041,72.0985,1997,1879.95,8.87884,5,NA,1,1,0.2429,1.573,1.628,0,19.9515,78,21093.6
87.7041,72.0985,1997,1874.77,8.87884,5,NA,1,1,0.2429,1.573,1.628,0,19.9515,78,21093.6
86.8367,71.1787,1997,2129.23,9.40113,5,NA,1,1,0.2429,1.573,1.628,0,19.9515,78,21093.6
87.268,71.636,1997,2140.2,9.40113,5,NA,1,1,0.2429,1.573,1.628,0,19.9515,78,21093.6
87.5684,71.9546,1997,1909.27,9.40113,5,NA,1,1,0.2429,1.573,1.628,0,19.9515,78,21093.6
87.2438,71.6103,1997,1981.06,9.27055,5,NA,1,1,0.2429,1.573,1.628,0,19.9515,78,21093.6
86.9288,71.2763,1997,2228.74,8.87884,5,NA,1,1,0.2429,1.573,1.628,0,19.9515,78,21093.6
88.368,72.8025,1997,1846.85,10.054,5,NA,1,1,0.2429,1.573,1.628,0,19.9515,78,21093.6
87.1275,71.487,1997,2139.6,9.5317,5,NA,1,1,0.2429,1.573,1.628,0,19.9515,78,21093.6
87.2292,71.5949,1997,2098.92,9.79284,5,NA,1,1,0.2429,1.573,1.628,0,19.9515,78,21093.6
87.3697,71.7439,1997,2112.28,10.1846,5,NA,1,1,0.2429,1.573,1.628,0,19.9515,78,21093.6
86.9142,71.2609,1997,2460.67,10.054,5,NA,1,1,0.2429,1.573,1.628,0,19.9515,78,21093.6
86.953,71.302,1997,2292.76,9.00941,5,NA,1,1,0.2429,1.573,1.628,0,19.9515,78,21093.6
87.5684,71.9546,1997,2003.8,9.66227,5,NA,1,1,0.2429,1.573,1.628,0,19.9515,78,21093.6
87.7041,72.0985,1997,1911.66,9.79284,5,NA,1,1,0.2429,1.573,1.628,0,19.9515,78,21093.6
87.4667,71.8467,1997,1874.17,9.66227,5,NA,1,1,0.2429,1.573,1.628,0,19.9515,78,21093.6
87.5588,71.9443,1997,1825.71,9.40113,5,NA,1,1,0.2429,1.573,1.628,0,19.9515,78,21093.6
88.0336,72.4479,1997,1883.94,8.74827,5,NA,1,1,0.2429,1.573,1.628,0,19.9515,78,21093.6
88.6152,73.0645,1997,1846.85,9.27055,5,NA,1,1,0.2429,1.573,1.628,0,19.9515,78,21093.6
87.6266,72.0163,1997,2094.93,8.74827,5,NA,1,1,0.2429,1.573,1.628,0,19.9515,78,21093.6
87.7332,72.1293,1997,2222.96,9.00941,5,NA,1,1,0.2429,1.573,1.628,0,19.9515,78,21093.6
87.5684,71.9546,1997,1986.85,8.87884,5,NA,1,1,0.2429,1.573,1.628,0,19.9515,78,21093.6
57.5508,36.5235,1993,108.903,4.7027,0,162,5,0,0.5755,-0.474,-0.778,0,55.8277,72.3,3445.92
57.8723,36.9153,1994,112.691,4.79279,0,162,5,0,0.5755,-0.474,-0.778,0,55.8277,72.3,3445.92
58.1942,37.3071,1995,112.221,4.88323,0,162,5,0,0.5755,-0.474,-0.778,0,55.8277,72.3,3445.92
58.5164,37.6989,1996,119.973,4.97397,0,162,5,0,0.5755,-0.474,-0.778,0,55.8277,72.3,3445.92
58.8389,38.0908,1997,117.161,5.06496,0,162,5,0,0.5755,-0.474,-0.778,0,55.8277,72.3,3445.92
76.964,59.3708,1997,472.848,4.51424,0,163,1,0,0.444238,0.2821,0.422494,1,370.42,76.2,8014.37
71.1104,57.352,1993,95.0671,5.45774,0,164,5,0,0.3679,-1.181,-1.358,0,79.2333,33.6,4293.1
71.4385,57.7046,1994,98.4785,5.59744,0,164,5,0,0.3679,-1.181,-1.358,0,79.2333,33.6,4293.1
71.765,58.0578,1995,110.708,5.74087,0,164,5,0,0.3679,-1.181,-1.358,0,79.2333,33.6,4293.1
72.0899,58.4117,1996,105.933,5.82508,0,164,5,0,0.3679,-1.181,-1.358,0,79.2333,33.6,4293.1
72.4133,58.7663,1997,107.327,5.9091,0,164,5,0,0.3679,-1.181,-1.358,0,79.2333,33.6,4293.1
53.7012,39.4289,1997,35.7681,2.36925,0,165,1,0,0.444238,-0.714,-0.854,1,564.964,79.3,831.816
60.9545,41.7044,1993,42.5646,3.26157,0,166,5,0,0.444238,-0.374,-1.051,1,75.8498,42.8,1230.59
60.731,41.4465,1994,42.7288,3.36532,0,166,5,0,0.444238,-0.374,-1.051,1,75.8498,42.8,1230.59
60.5076,41.1885,1995,34.0831,3.47254,0,166,5,0,0.444238,-0.374,-1.051,1,75.8498,42.8,1230.59
60.2843,40.9305,1996,36.3779,3.54469,0,166,5,0,0.444238,-0.374,-1.051,1,75.8498,42.8,1230.59
60.0611,40.6725,1997,34.4566,3.6175,0,166,5,0,0.444238,-0.374,-1.051,1,75.8498,42.8,1230.59
80.5558,60.0408,1993,267.033,5.83481,0,167,5,0,0.3988,0.01,0.215,1,117.643,33,6130.67
80.618,60.1013,1994,287.662,5.91209,0,167,5,0,0.3988,0.01,0.215,1,117.643,33,6130.67
80.6803,60.1618,1995,297.589,5.9906,0,167,5,0,0.3988,0.01,0.215,1,117.643,33,6130.67
80.7428,60.2223,1996,310.914,6.08051,0,167,5,0,0.3988,0.01,0.215,1,117.643,33,6130.67
80.8052,60.2828,1997,324.925,6.17003,0,167,5,0,0.3988,0.01,0.215,1,117.643,33,6130.67
67.1185,56.0405,1993,105.759,7.91229,0,168,5,0,0.319462,-1.423,-1.565,0,41.293,87.8,1231.33
66.9306,55.8477,1994,106.732,7.98894,0,168,5,0,0.319462,-1.423,-1.565,0,41.293,87.8,1231.33
66.9655,55.8835,1995,80.1664,8.0642,0,168,5,0,0.319462,-1.423,-1.565,0,41.293,87.8,1231.33
67.6278,56.57,1996,90.2865,8.13805,0,168,5,0,0.319462,-1.423,-1.565,0,41.293,87.8,1231.33
68.266,57.2489,1997,93.581,8.21049,0,168,5,0,0.319462,-1.423,-1.565,0,41.293,87.8,1231.33
67.627,54.5208,1993,53.1764,7.6592,0,169,5,0,0.3932,-1.252,-1.451,0,8.756,86,2086.39
67.6035,54.4972,1994,55.57,7.74015,0,169,5,0,0.3932,-1.252,-1.451,0,8.756,86,2086.39
67.58,54.4736,1995,45.9801,7.81977,0,169,5,0,0.3932,-1.252,-1.451,0,8.756,86,2086.39
67.5565,54.45,1996,50.7149,7.89804,0,169,5,0,0.3932,-1.252,-1.451,0,8.756,86,2086.39
67.533,54.4265,1997,89.7149,7.97494,0,169,5,0,0.3932,-1.252,-1.451,0,8.756,86,2086.39
70.1686,57.4044,1997,59.4349,7.64883,0,170,1,0,0.381411,-1.02022,-0.457104,0,399.7,91.5,1007.37
76.3196,62.467,1993,179.503,9.29839,0,171,5,0,0.381411,0.0136349,0.409158,1,140.416,46,3244.97
76.4103,62.5711,1994,252.106,9.36082,0,171,5,0,0.381411,0.0136249,0.409158,1,140.416,46,3244.97
76.5009,62.6752,1995,245.605,9.42165,0,171,5,0,0.381411,0.0136249,0.409158,1,140.416,46,3244.97
76.5913,62.7793,1996,241.775,9.4809,0,171,5,0,0.381411,0.0136249,0.409158,1,140.416,46,3244.97
76.6817,62.8833,1997,253.107,9.53858,0,171,5,0,0.381411,0.0136249,0.409158,1,140.416,46,3244.97
79.7174,63.6942,1993,286.521,7.27624,0,172,5,0,0.389,0.521,0.953,1,253.766,58.6,7771.29
79.9538,63.9454,1994,265.526,7.31929,0,172,5,0,0.389,0.521,0.953,1,253.766,58.6,7771.29
80.1905,64.197,1995,280.639,7.36285,0,172,5,0,0.389,0.521,0.953,1,253.766,58.6,7771.29
80.4274,64.4489,1996,303.487,7.44188,0,172,5,0,0.389,0.521,0.953,1,253.766,58.6,7771.29
80.6647,64.7011,1997,334.165,7.51988,0,172,5,0,0.389,0.521,0.953,1,253.766,58.6,7771.29
76.0421,59.7591,1993,217.17,4.38201,0,173,5,0,0.3864,0.633,-0.589,0,59.2477,41.7,4600.78
76.419,60.1589,1994,212.361,4.54303,0,173,5,0,0.3864,0.633,-0.589,0,59.2477,41.7,4600.78
76.7973,60.5604,1995,222.518,4.71048,0,173,5,0,0.3864,0.633,-0.589,0,59.2477,41.7,4600.78
77.1772,60.9634,1996,230.334,4.79514,0,173,5,0,0.3864,0.633,-0.589,0,59.2477,41.7,4600.78
77.5585,61.3681,1997,248.442,4.88008,0,173,5,0,0.3864,0.633,-0.589,0,59.2477,41.7,4600.78
73.755,61.0808,1993,189.309,4.04282,0,174,5,1,0.3979,-0.412,-0.859,0,80.3995,74,5872.37
74.1394,61.5336,1994,180.243,4.12409,0,174,5,1,0.3979,-0.412,-0.859,0,80.3995,74,5872.37
74.5207,61.9872,1995,179.54,4.20727,0,174,5,1,0.3979,-0.412,-0.859,0,80.3995,74,5872.37
74.8992,62.4416,1996,216.206,4.29211,0,174,5,1,0.3979,-0.412,-0.859,0,80.3995,74,5872.37
75.2748,62.8969,1997,229.022,4.3775,0,174,5,1,0.3979,-0.412,-0.859,0,80.3995,74,5872.37
60.8162,37.2339,1993,35.7246,2.85018,0,175,5,0,0.3679,-0.485,-0.283,1,35.3133,60.7,765.771
60.5998,36.9345,1994,35.9402,2.92411,0,175,5,0,0.3679,-0.485,-0.283,1,35.3133,60.7,765.771
60.3836,36.6351,1995,35.0581,3.00006,0,175,5,0,0.3679,-0.485,-0.283,1,35.3133,60.7,765.771
60.1677,36.3356,1996,35.5247,3.07248,0,175,5,0,0.3679,-0.485,-0.283,1,35.3133,60.7,765.771
59.952,36.0361,1997,36.757,3.14593,0,175,5,0,0.3679,-0.485,-0.283,1,35.3133,60.7,765.771
60.7241,35.2766,1993,34.1802,1.89165,0,176,5,0,0.3743,-0.251,-0.517,1,99.055,38.7,1064.22
60.2939,34.6351,1994,35.2521,1.93423,0,176,5,0,0.3743,-0.251,-0.517,1,99.055,38.7,1064.22
59.8648,33.9934,1995,35.2337,1.97787,0,176,5,0,0.3743,-0.251,-0.517,1,99.055,38.7,1064.22
59.4368,33.3517,1996,42.5688,2.03251,0,176,5,0,0.3743,-0.251,-0.517,1,99.055,38.7,1064.22
59.0097,32.7099,1997,43.633,2.0883,0,176,5,0,0.3743,-0.251,-0.517,1,99.055,38.7,1064.22
81.325,64.3484,1993,169.19,9.13231,0,177,5,0,0.3132,-0.893,-0.008,0,85.2155,75.5,2303.06
80.8795,63.892,1994,174.721,9.18215,0,177,5,0,0.3132,-0.893,-0.008,0,85.2155,75.5,2303.06
80.5102,63.5132,1995,146.09,9.23069,0,177,5,0,0.3132,-0.893,-0.008,0,85.2155,75.5,2303.06
80.2346,63.23,1996,115.358,9.16314,0,177,5,0,0.3132,-0.893,-0.008,0,85.2155,75.5,2303.06
80.082,63.0732,1997,128.971,9.15311,0,177,5,0,0.3132,-0.893,-0.008,0,85.2155,75.5,2303.06
80.5244,66.3289,1993,543.952,7.30291,0,178,5,0,0.4075,0.618,0.77,0,18.3448,20.3,8476.81
80.6649,66.4896,1994,717.771,7.37565,0,178,5,0,0.4075,0.618,0.77,0,18.3448,20.3,8476.81
80.8053,66.6504,1995,715.631,7.44929,0,178,5,0,0.4075,0.618,0.77,0,18.3448,20.3,8476.81
80.9456,66.8112,1996,772.267,7.52722,0,178,5,0,0.4075,0.618,0.77,0,18.3448,20.3,8476.81
81.077,66.9618,1997,847.681,7.60409,0,178,5,0,0.4075,0.618,0.77,0,18.3448,20.3,8476.81
90.4435,69.7215,1993,3326.02,11.5,0,179,5,1,0.3924,1.366,1.505,0,2883.17,44.1,27162.5
90.6063,69.8636,1994,3542.15,11.5,0,179,5,1,0.3924,1.366,1.505,0,2883.17,44.1,27162.5
90.765,70.0019,1995,3599.05,11.5,0,179,5,1,0.3924,1.366,1.505,0,2883.17,44.1,27162.5
90.918,70.1351,1996,3667.31,11.5,0,179,5,1,0.3924,1.366,1.505,0,2883.17,44.1,27162.5
91.0719,70.269,1997,3721.27,11.5,0,179,5,1,0.3924,1.366,1.505,0,2883.17,44.1,27162.5
73.696,60.3547,1993,124.791,7.06665,0,180,5,0,0.3227,-1.305,-1.343,0,52.6161,80.9,2608.28
73.6887,60.3464,1994,111.483,7.15597,0,180,5,0,0.3227,-1.305,-1.343,0,52.6161,80.9,2608.28
73.6814,60.3381,1995,117.363,7.24418,0,180,5,0,0.3227,-1.305,-1.343,0,52.6161,80.9,2608.28
73.6741,60.3298,1996,103.447,7.10337,0,180,5,0,0.3227,-1.305,-1.343,0,52.6161,80.9,2608.28
73.6668,60.3215,1997,109.548,6.967,0,180,5,0,0.3227,-1.305,-1.343,0,52.6161,80.9,2608.28
75.8664,63.3581,1997,208.84,5.35924,0,181,1,0,0.474325,-0.131812,0.146772,1,288.552,65.8,3539.66
77.7892,64.3338,1993,300.744,5.08795,0,182,5,0,0.4684,-0.849,0.179,1,24.8713,67.4,7705.71
77.9787,64.5573,1994,279.755,5.13306,0,182,5,0,0.4684,-0.849,0.179,1,24.8713,67.4,7705.71
78.1676,64.7807,1995,291.474,5.17856,0,182,5,0,0.4684,-0.849,0.179,1,24.8713,67.4,7705.71
78.3561,65.004,1996,239.397,5.27037,0,182,5,0,0.4684,-0.849,0.179,1,24.8713,67.4,7705.71
78.5441,65.2272,1997,300.523,5.36225,0,182,5,0,0.4684,-0.849,0.179,1,24.8713,67.4,7705.71
65.0107,57.3249,1993,52.717,8.40715,0,183,5,0,0.3461,-0.3,-1.416,1,232.499,20,1354.89
65.2184,57.5537,1994,54.9014,8.41167,0,183,5,0,0.3461,-0.3,-1.416,1,232.499,20,1354.89
65.4228,57.7824,1995,58.1086,8.38721,0,183,5,0,0.3461,-0.3,-1.416,1,232.499,20,1354.89
65.624,58.0108,1996,61.9625,8.33335,0,183,5,0,0.3461,-0.3,-1.416,1,232.499,20,1354.89
65.8221,58.239,1997,65.0349,8.32588,0,183,5,0,0.3461,-0.3,-1.416,1,232.499,20,1354.89
67.0353,52.8098,1997,85.5892,4.41864,0,184,1,0,0.381411,-0.428863,-0.422166,1,14.1454,64.3,2593.61
75.5762,59.3558,1993,219.605,10.4482,0,185,5,0,0.381411,-0.432954,0.0447947,1,62.1472,88.9,2811.16
75.9143,59.715,1994,229.541,10.477,0,185,5,0,0.381411,-0.432954,0.0447947,1,62.1472,88.9,2811.16
76.2527,60.0747,1995,75.9285,10.5049,0,185,5,0,0.381411,-0.432954,0.0447947,1,62.1472,88.9,2811.16
76.5914,60.4348,1996,84.8178,10.5185,0,185,5,0,0.381411,-0.432954,0.0447947,1,62.1472,88.9,2811.16
76.9304,60.7953,1997,95.5794,10.3953,0,185,5,0,0.381411,-0.432954,0.0447947,1,62.1472,88.9,2811.16
60.8884,48.414,1993,32.1571,1.41707,0,186,5,0,0.3798,-0.621,-0.415,1,40.1066,37.9,975.469
61.252,48.7412,1994,26.5673,1.45992,0,186,5,0,0.3798,-0.621,-0.415,1,40.1066,37.9,975.469
61.6142,49.0685,1995,27.29,1.50366,0,186,5,0,0.3798,-0.621,-0.415,1,40.1066,37.9,975.469
61.975,49.396,1996,26.0049,1.54758,0,186,5,0,0.3798,-0.621,-0.415,1,40.1066,37.9,975.469
62.3343,49.7236,1997,33.166,1.59216,0,186,5,0,0.3798,-0.621,-0.415,1,40.1066,37.9,975.469
75.533,66.1885,1997,126.579,7.61586,0,187,1,0,0.319462,-0.953,-0.92,0,101.925,77.8,2812.86
59.7876,39.224,1993,551.256,5.55842,0,188,5,0,0.5707,-0.01,0.991,0,3343.24,46.5,5621.2
60.08,39.5782,1994,378.952,5.64946,0,188,5,0,0.5707,-0.01,0.991,0,3343.24,46.5,5621.2
60.3727,39.9325,1995,383.407,5.74035,0,188,5,0,0.5707,-0.01,0.991,0,3343.24,46.5,5621.2
60.6657,40.2868,1996,393.61,5.83105,0,188,5,0,0.5707,-0.01,0.991,0,3343.24,46.5,5621.2
60.9592,40.6412,1997,399.105,5.92151,0,188,5,0,0.5707,-0.01,0.991,0,3343.24,46.5,5621.2
52.3923,36.2612,1997,22.2841,3.3565,0,189,1,0,0.441193,-1.769,-1.567,0,20.85,0.9,602.272
57.8496,33.3487,1993,47.6862,5.00488,0,190,5,0,0.476,-0.399,-0.046,1,12.7046,53.3,1089.23
57.2937,32.5749,1994,49.1665,5.11351,0,190,5,0,0.476,-0.399,-0.046,1,12.7046,53.3,1089.23
56.739,31.8013,1995,44.672,5.22493,0,190,5,0,0.476,-0.399,-0.046,1,12.7046,53.3,1089.23
56.1855,31.0278,1996,41.0082,5.30856,0,190,5,0,0.476,-0.399,-0.046,1,12.7046,53.3,1089.23
55.633,30.2543,1997,64.2647,5.39223,0,190,5,0,0.476,-0.399,-0.046,1,12.7046,53.3,1089.23
63.2548,34.6298,1993,101.26,3.74456,0,191,5,0,0.5427,-1.129,-0.666,1,29.6336,48,2103.09
63.0203,34.2159,1994,105.751,3.856,0,191,5,0,0.5427,-1.129,-0.666,1,29.6336,48,2103.09
62.7865,33.802,1995,112.734,3.97186,0,191,5,0,0.5427,-1.129,-0.666,1,29.6336,48,2103.09
62.5533,33.3882,1996,108.04,4.0533,0,191,5,0,0.5427,-1.129,-0.666,1,29.6336,48,2103.09
62.3208,32.9744,1997,130.392,4.13537,0,191,5,0,0.5427,-1.129,-0.666,1,29.6336,48,2103.09
